order,family,Genus,species,mass.g.,gestation.mo.,newborn.g.,weaning.mo.,wean,refs
Artiodactyla,Antilocapridae,Antilocapra,americana,45375,8.13,3246.36,3,8900,
Artiodactyla,Bovidae,Addax,nasomaculatus,182375,9.39,5480,6.5,-999,
Artiodactyla,Bovidae,Aepyceros,melampus,41480,6.35,5093,5.63,15900,
Artiodactyla,Bovidae,Alcelaphus,buselaphus,150000,7.9,10166.67,6.5,-999,
Artiodactyla,Bovidae,Ammodorcas,clarkei,28500,6.8,-999,-999,-999,
Artiodactyla,Bovidae,Ammotragus,lervia,55500,5.08,3810,4,-999,
Artiodactyla,Bovidae,Antidorcas,marsupialis,30000,5.72,3910,4.04,-999,
Artiodactyla,Bovidae,Antilope,cervicapra,37500,5.5,3846,2.13,-999,
Artiodactyla,Bovidae,Bison,bison,497666.67,8.93,20000,10.71,157500,
Artiodactyla,Bovidae,Bison,bonasus,500000,9.14,23000.08,6.6,-999,
Artiodactyla,Bovidae,Bos,grunniens,333000,8.88,18000,7.33,-999,
Artiodactyla,Bovidae,Bos,frontalis,800000,9.02,23033.33,4.5,-999,
Artiodactyla,Bovidae,Bos,javanicus,666666.67,9.83,-999,9.5,-999,
Artiodactyla,Bovidae,Boselaphus,tragocamelus,169000,8.51,5875,-999,-999,
Artiodactyla,Bovidae,Bubalus,depressicornis,-999,10,-999,-999,-999,
Artiodactyla,Bovidae,Bubalus,mindorensis,233333.33,9.85,-999,-999,-999,
Artiodactyla,Bovidae,Bubalus,bubalis,950000,10.47,37500,7.5,-999,
Artiodactyla,Bovidae,Budorcas,taxicolor,302000,8.29,6000,-999,-999,
Artiodactyla,Bovidae,Capra,caucasica,55000,5.17,3850,-999,-999,
Artiodactyla,Bovidae,Capra,falconeri,41000,5.36,-999,5.5,-999,
Artiodactyla,Bovidae,Capra,ibex,71500,5.6,2791.43,7.5,-999,
Artiodactyla,Bovidae,Capra,cylindricornis,50000,5.29,3787.5,6,-999,
Artiodactyla,Bovidae,Capra,hircus,60000,5.22,2200,5,-999,
Artiodactyla,Bovidae,Cephalophus,niger,18100,4.2,-999,-999,-999,
Artiodactyla,Bovidae,Cephalophus,nigrifrons,13900,-999,-999,-999,-999,
Artiodactyla,Bovidae,Cephalophus,natalensis,10000,-999,-999,-999,-999,
Artiodactyla,Bovidae,Cephalophus,leucogaster,12700,-999,-999,-999,-999,
Artiodactyla,Bovidae,Cephalophus,ogilbyi,20000,4,-999,-999,-999,
Artiodactyla,Bovidae,Cephalophus,zebra,-999,7.47,1707.5,-999,-999,
Artiodactyla,Bovidae,Cephalophus,rufilatus,12500,7.82,965,-999,-999,
Artiodactyla,Bovidae,Cephalophus,dorsalis,11600,7.75,1610,-999,-999,
Artiodactyla,Bovidae,Cephalophus,monticola,6250,6.43,800,-999,-999,
Artiodactyla,Bovidae,Cephalophus,silvicultor,62500,5.43,2400,1.25,20512.5,
Artiodactyla,Bovidae,Cephalophus,maxwellii,9000,4,832,2,-999,
Artiodactyla,Bovidae,Connochaetes,gnou,132250,8.5,11000,7.5,-999,
Artiodactyla,Bovidae,Connochaetes,taurinus,164500,8.32,17716.67,8,-999,
Artiodactyla,Bovidae,Damaliscus,hunteri,159000,9.3,8350,-999,-999,
Artiodactyla,Bovidae,Damaliscus,pygargus,84500,8.2,6792,5,-999,
Artiodactyla,Bovidae,Damaliscus,lunatus,128000,7.81,11100,-999,-999,
Artiodactyla,Bovidae,Gazella,soemmerringii,40000,6.5,-999,-999,-999,
Artiodactyla,Bovidae,Gazella,rufifrons,27000,5.75,-999,-999,-999,
Artiodactyla,Bovidae,Gazella,dama,73000,6.84,-999,-999,-999,
Artiodactyla,Bovidae,Gazella,leptoceros,23600,5.42,4640,-999,-999,
Artiodactyla,Bovidae,Gazella,granti,47636.36,6.45,5602.5,-999,-999,
Artiodactyla,Bovidae,Gazella,spekei,20000,6.48,1253.33,-999,-999,
Artiodactyla,Bovidae,Gazella,cuvieri,17500,5.61,-999,-999,-999,
Artiodactyla,Bovidae,Gazella,dorcas,16985,4.74,1500.63,2.75,7000,
Artiodactyla,Bovidae,Gazella,subgutturosa,25500,5.37,2426.67,3.5,13500,
Artiodactyla,Bovidae,Gazella,thomsonii,16300,5.37,2553.75,3.35,-999,
Artiodactyla,Bovidae,Gazella,gazella,20750,6,-999,3,-999,
Artiodactyla,Bovidae,Hemitragus,hylocrius,-999,6.17,-999,5,-999,
Artiodactyla,Bovidae,Hemitragus,jemlahicus,35200,6,2000,4.97,-999,
Artiodactyla,Bovidae,Hippotragus,equinus,242000,9.32,15166.67,6,-999,
Artiodactyla,Bovidae,Hippotragus,niger,200500,8.87,15447.14,7,-999,
Artiodactyla,Bovidae,Kobus,megaceros,17500,-999,-999,-999,-999,
Artiodactyla,Bovidae,Kobus,vardonii,63950,8.5,-999,-999,-999,
Artiodactyla,Bovidae,Kobus,leche,81733.33,7.57,5100,4.5,-999,
Artiodactyla,Bovidae,Kobus,ellipsiprymnus,175333.33,8.91,9000,7.39,-999,
Artiodactyla,Bovidae,Kobus,kob,58600,8.38,4937.5,6.39,31600,
Artiodactyla,Bovidae,Litocranius,walleri,41333.33,6.76,-999,-999,-999,
Artiodactyla,Bovidae,Madoqua,saltiana,3250,-999,690,1.5,-999,
Artiodactyla,Bovidae,Madoqua,guentheri,4550,5.84,681.67,2.75,2825.5,
Artiodactyla,Bovidae,Madoqua,kirkii,4876.67,5.77,654,2.35,1780,
Artiodactyla,Bovidae,Naemorhedus,crispus,30000,7.15,3510.5,-999,-999,
Artiodactyla,Bovidae,Naemorhedus,sumatraensis,87500,7.5,-999,-999,-999,
Artiodactyla,Bovidae,Naemorhedus,goral,27666.67,7.69,2000,-999,-999,
Artiodactyla,Bovidae,Neotragus,batesi,2500,6,500,-999,-999,
Artiodactyla,Bovidae,Neotragus,moschatus,7166.67,6,-999,-999,-999,
Artiodactyla,Bovidae,Oreamnos,americanus,82350,5.78,3176.67,2.67,-999,
Artiodactyla,Bovidae,Oreotragus,oreotragus,13000,6.79,1065,4.5,-999,
Artiodactyla,Bovidae,Oryx,dammah,177500,8.22,10316.67,-999,-999,
Artiodactyla,Bovidae,Oryx,leucoryx,121350,8,-999,4.5,-999,
Artiodactyla,Bovidae,Oryx,gazella,195000,9.01,12015,-999,-999,
Artiodactyla,Bovidae,Ourebia,ourebi,17500,6.95,2235,4.5,-999,
Artiodactyla,Bovidae,Ovibos,moschatus,258000,8.48,11077.4,6.21,-999,
Artiodactyla,Bovidae,Ovis,nivicola,50500,-999,-999,-999,-999,
Artiodactyla,Bovidae,Ovis,vignei,60000,6,-999,-999,-999,
Artiodactyla,Bovidae,Ovis,dalli,57666.67,5.62,3500,4.33,-999,
Artiodactyla,Bovidae,Ovis,canadensis,68166.67,5.99,4266.67,4.86,28666.67,
Artiodactyla,Bovidae,Ovis,ammon,180000,5.61,2375,4.5,-999,
Artiodactyla,Bovidae,Ovis,aries,50000,5.02,2277.08,6,17500,
Artiodactyla,Bovidae,Pantholops,hodgsonii,27500,7,-999,-999,-999,
Artiodactyla,Bovidae,Pelea,capreolus,25000,8.7,-999,-999,-999,
Artiodactyla,Bovidae,Procapra,gutturosa,24000,6.43,2900,-999,-999,
Artiodactyla,Bovidae,Pseudois,nayaur,46666.67,5.16,-999,6,-999,
Artiodactyla,Bovidae,Raphicerus,campestris,11333.33,6.53,936,3,-999,
Artiodactyla,Bovidae,Redunca,arundinum,48850,7.32,4500,-999,-999,
Artiodactyla,Bovidae,Redunca,redunca,40000,7.5,-999,-999,-999,
Artiodactyla,Bovidae,Redunca,fulvorufula,30000,7.57,2600,-999,-999,
Artiodactyla,Bovidae,Rupicapra,rupicapra,26100,5.83,2652.86,3.7,-999,
Artiodactyla,Bovidae,Saiga,tatarica,38250,4.94,3365.33,2.92,14500,
Artiodactyla,Bovidae,Sigmoceros,lichtensteinii,153000,7.76,15000,-999,-999,
Artiodactyla,Bovidae,Sylvicapra,grimmia,19000,5.08,1202.86,-999,-999,
Artiodactyla,Bovidae,Syncerus,caffer,504666.67,11.03,42862.5,9.18,166000,
Artiodactyla,Bovidae,Taurotragus,derbianus,680000,8.67,-999,-999,-999,
Artiodactyla,Bovidae,Taurotragus,oryx,432500,8.64,28325,6,-999,
Artiodactyla,Bovidae,Tetracerus,quadricornis,19000,7.34,1033,-999,-999,
Artiodactyla,Bovidae,Tragelaphus,buxtoni,218000,-999,-999,-999,-999,
Artiodactyla,Bovidae,Tragelaphus,eurycerus,186250,9.57,19240,-999,-999,
Artiodactyla,Bovidae,Tragelaphus,spekii,87500,8.13,4000,-999,-999,
Artiodactyla,Bovidae,Tragelaphus,strepsiceros,190000,7.41,16150,6,-999,
Artiodactyla,Bovidae,Tragelaphus,angasii,100666.67,7.37,5232.5,7,-999,
Artiodactyla,Bovidae,Tragelaphus,imberbis,64500,8.01,5760,-999,-999,
Artiodactyla,Bovidae,Tragelaphus,scriptus,36250,6.17,3800,-999,-999,
Artiodactyla,Camelidae,Camelus,bactrianus,-999,13.18,35000,10.5,-999,
Artiodactyla,Camelidae,Camelus,dromedarius,434000,12.64,35808.46,14.63,253484,
Artiodactyla,Camelidae,Lama,glama,142500,11.01,12000,5,-999,
Artiodactyla,Camelidae,Lama,pacos,60000,10.79,7584,7,-999,
Artiodactyla,Camelidae,Lama,guanicoe,110000,11.25,11666.67,11.33,-999,
Artiodactyla,Camelidae,Vicugna,vicugna,50000,11.55,5841.67,7,-999,
Artiodactyla,Cervidae,Alces,alces,351000,7.95,13018.18,3.8,94000,
Artiodactyla,Cervidae,Axis,porcinus,33500,7.45,2365,6,-999,
Artiodactyla,Cervidae,Axis,axis,55000,7.72,3378.5,4,-999,
Artiodactyla,Cervidae,Blastocerus,dichotomus,102500,8.89,4200,-999,-999,
Artiodactyla,Cervidae,Capreolus,capreolus,21666.67,6.54,1214.33,3.08,8692.5,
Artiodactyla,Cervidae,Capreolus,pygargus,39450,9.67,1750,4.5,28750,
Artiodactyla,Cervidae,Cervus,duvaucelii,143000,8.21,-999,-999,-999,
Artiodactyla,Cervidae,Cervus,elaphus,120333.33,8.03,8814.09,5.37,46900,
Artiodactyla,Cervidae,Cervus,albirostris,125000,8.33,-999,-999,-999,
Artiodactyla,Cervidae,Cervus,timorensis,53000,8.49,-999,7.5,-999,
Artiodactyla,Cervidae,Cervus,unicolor,171000,8.2,9890,7,-999,
Artiodactyla,Cervidae,Cervus,eldii,73000,7.37,5008,7.88,-999,
Artiodactyla,Cervidae,Cervus,nippon,96500,7.59,3734,5.67,28590,
Artiodactyla,Cervidae,Dama,dama,54500,7.75,4511.17,6.01,22570,
Artiodactyla,Cervidae,Elaphodus,cephalophus,33500,6.5,-999,-999,-999,
Artiodactyla,Cervidae,Elaphurus,davidianus,149000,9.41,11412.5,5.5,-999,
Artiodactyla,Cervidae,Hippocamelus,bisulcus,70000,6.5,-999,-999,-999,
Artiodactyla,Cervidae,Hippocamelus,antisensis,68600,8,-999,-999,-999,
Artiodactyla,Cervidae,Hydropotes,inermis,14000,6.25,1028.33,-999,-999,
Artiodactyla,Cervidae,Mazama,rufina,8200,7.25,-999,-999,-999,
Artiodactyla,Cervidae,Mazama,gouazoupira,16650,7.42,792.33,-999,-999,
Artiodactyla,Cervidae,Mazama,americana,23000,7.43,542.5,6,-999,
Artiodactyla,Cervidae,Muntiacus,muntjak,14000,6.12,1310.8,2,-999,
Artiodactyla,Cervidae,Muntiacus,reevesi,12000,6.86,1096.67,-999,-999,
Artiodactyla,Cervidae,Odocoileus,hemionus,55766.67,6.85,2952.67,2.48,19516.67,
Artiodactyla,Cervidae,Odocoileus,virginianus,59500,6.84,3154.67,4.29,33631.33,
Artiodactyla,Cervidae,Ozotoceros,bezoarticus,35000,7.25,2150,5.5,-999,
Artiodactyla,Cervidae,Pudu,mephistophiles,9750,-999,400,-999,-999,
Artiodactyla,Cervidae,Pudu,puda,8250,6.76,695,2,-999,
Artiodactyla,Cervidae,Rangifer,tarandus,113200,7.24,5773.67,2.84,26900,
Artiodactyla,Giraffidae,Giraffa,camelopardalis,800000,14.89,59770.59,8.25,-999,
Artiodactyla,Giraffidae,Okapia,johnstoni,287500,14.87,17375,7,77000,
Artiodactyla,Hippopotamidae,Hexaprotodon,liberiensis,215000,6.84,5636.25,7.33,-999,
Artiodactyla,Hippopotamidae,Hippopotamus,amphibius,1258333.33,7.75,39746.67,10.13,237500,
Artiodactyla,Moschidae,Moschus,chrysogaster,11000,-999,800,-999,-999,
Artiodactyla,Moschidae,Moschus,berezovskii,10900,-999,524,-999,-999,
Artiodactyla,Moschidae,Moschus,moschiferus,12500,5.33,458.75,3.5,-999,
Artiodactyla,Suidae,Babyrousa,babyrussa,100000,5.16,715,7,-999,
Artiodactyla,Suidae,Hylochoerus,meinertzhageni,202500,4.39,1250,2.25,-999,
Artiodactyla,Suidae,Phacochoerus,aethiopicus,71000,5.53,672.78,3.49,-999,
Artiodactyla,Suidae,Potamochoerus,porcus,71000,3.78,762,3,-999,
Artiodactyla,Suidae,Sus,salvanius,8150,3.76,191.5,-999,-999,
Artiodactyla,Suidae,Sus,barbatus,102750,4,-999,-999,-999,
Artiodactyla,Suidae,Sus,scrofa,100900,3.95,1040.31,3.38,8726,
Artiodactyla,Tayassuidae,Catagonus,wagneri,35300,-999,647,-999,-999,
Artiodactyla,Tayassuidae,Pecari,tajacu,19200,4.66,657.18,1.7,5220.67,
Artiodactyla,Tayassuidae,Tayassu,pecari,33750,5.23,1225,1.63,-999,
Artiodactyla,Tragulidae,Hyemoschus,aquaticus,12250,5.86,-999,5.17,-999,
Artiodactyla,Tragulidae,Moschiola,meminna,2450,4.94,319,-999,-999,
Artiodactyla,Tragulidae,Tragulus,javanicus,3850,4.61,370,2.92,-999,
Artiodactyla,Tragulidae,Tragulus,napu,5900,5.2,373.67,3,-999,
Carnivora,Canidae,Alopex,lagopus,4500,1.75,71.04,1.67,-999,
Carnivora,Canidae,Atelocynus,microtis,9500,-999,-999,-999,-999,
Carnivora,Canidae,Canis,simensis,12675,2.04,-999,2.5,-999,
Carnivora,Canidae,Canis,aureus,11000,2.05,207.5,2.28,-999,
Carnivora,Canidae,Canis,rufus,26000,2.05,-999,-999,-999,
Carnivora,Canidae,Canis,lupus,34875,2.16,418.6,1.55,5250,
Carnivora,Canidae,Canis,mesomelas,9750,2.08,159,2.13,-999,
Carnivora,Canidae,Canis,latrans,11800,2.05,249.75,1.74,1517,
Carnivora,Canidae,Canis,adustus,8250,2.17,-999,1.5,-999,
Carnivora,Canidae,Cerdocyon,thous,6500,1.85,365,3,-999,
Carnivora,Canidae,Chrysocyon,brachyurus,23000,2.11,400.17,4.75,-999,
Carnivora,Canidae,Cuon,alpinus,12760,2.07,273.33,1.64,2350,
Carnivora,Canidae,Lycaon,pictus,27133.33,2.41,332.5,2.88,-999,
Carnivora,Canidae,Nyctereutes,procyonoides,4232,2.05,87.92,1.73,825,
Carnivora,Canidae,Otocyon,megalotis,4150,2.26,120.88,2.06,-999,
Carnivora,Canidae,Pseudalopex,gymnocercus,4690,1.95,-999,-999,-999,
Carnivora,Canidae,Pseudalopex,griseus,3990,1.85,-999,-999,-999,
Carnivora,Canidae,Pseudalopex,culpaeus,13000,1.99,-999,2,-999,
Carnivora,Canidae,Speothos,venaticus,6000,2.35,152.43,3.33,-999,
Carnivora,Canidae,Urocyon,cinereoargenteus,4220,2.14,95.33,1.8,519.67,
Carnivora,Canidae,Urocyon,littoralis,1890.67,1.7,-999,2,-999,
Carnivora,Canidae,Vulpes,cana,1000,1.84,29,1.5,-999,
Carnivora,Canidae,Vulpes,chama,4000,1.72,-999,-999,-999,
Carnivora,Canidae,Vulpes,rueppelli,2250,1.75,-999,-999,-999,
Carnivora,Canidae,Vulpes,ferrilata,7000,-999,-999,-999,-999,
Carnivora,Canidae,Vulpes,pallida,2550,-999,-999,-999,-999,
Carnivora,Canidae,Vulpes,bengalensis,1800,1.69,58.5,-999,-999,
Carnivora,Canidae,Vulpes,corsac,2700,1.77,62.5,0.93,-999,
Carnivora,Canidae,Vulpes,vulpes,5662.5,1.73,101.25,1.81,1236.43,
Carnivora,Canidae,Vulpes,zerda,1200,1.71,26.28,2.18,-999,
Carnivora,Canidae,Vulpes,velox,2766.67,1.71,39.65,1.69,-999,
Carnivora,Felidae,Acinonyx,jubatus,58750,3.35,403.96,3.67,1940,
Carnivora,Felidae,Caracal,caracal,14000,2.43,165,4.17,-999,
Carnivora,Felidae,Catopuma,temminckii,11500,2.67,250,-999,-999,
Carnivora,Felidae,Felis,chaus,10000,2.05,126.62,3,2212.5,
Carnivora,Felidae,Felis,margarita,2350,2.2,55.5,-999,-999,
Carnivora,Felidae,Felis,silvestris,4150,2.15,101.87,2.25,630.79,
Carnivora,Felidae,Felis,nigripes,2125,2.2,70.87,-999,-999,
Carnivora,Felidae,Herpailurus,yaguarondi,6750,2.33,-999,-999,-999,
Carnivora,Felidae,Leopardus,wiedii,3666.67,2.67,118,1.83,785.1,
Carnivora,Felidae,Leopardus,tigrinus,2250,2.51,-999,1.83,-999,
Carnivora,Felidae,Leopardus,pardalis,8800,2.64,254.4,3.5,3400,
Carnivora,Felidae,Leptailurus,serval,13350,2.36,253.2,4.2,-999,
Carnivora,Felidae,Lynx,pardinus,9400,2.18,-999,-999,-999,
Carnivora,Felidae,Lynx,rufus,8600,1.86,301,2.55,1190,
Carnivora,Felidae,Lynx,lynx,18026.67,2.33,269.5,3.1,1860,
Carnivora,Felidae,Lynx,canadensis,8900,2.18,204,5,-999,
Carnivora,Felidae,Neofelis,nebulosa,19500,3.06,215.33,4.26,5427.5,
Carnivora,Felidae,Oncifelis,colocolo,2950,-999,-999,-999,-999,
Carnivora,Felidae,Oncifelis,geoffroyi,4000,2.45,86.18,2.25,-999,
Carnivora,Felidae,Otocolobus,manul,3500,2.37,89,-999,-999,
Carnivora,Felidae,Panthera,tigris,119700,3.51,1248.59,5.48,19556,
Carnivora,Felidae,Panthera,onca,81150,3.39,831.89,4.13,5033.5,
Carnivora,Felidae,Panthera,leo,139500,3.62,1377.45,7.22,8480,
Carnivora,Felidae,Panthera,pardus,42325,3.22,363.49,2.88,1940,
Carnivora,Felidae,Pardofelis,marmorata,3500,-999,85,-999,-999,
Carnivora,Felidae,Prionailurus,viverrinus,10850,2.29,170,2.92,-999,
Carnivora,Felidae,Prionailurus,rubiginosus,1350,2.23,-999,-999,-999,
Carnivora,Felidae,Prionailurus,bengalensis,4150,2.17,93.86,1.47,620,
Carnivora,Felidae,Profelis,aurata,10650,-999,248.33,-999,-999,
Carnivora,Felidae,Puma,concolor,48000,3.07,388.22,4.2,3500,
Carnivora,Felidae,Uncia,uncia,45625,3.28,463.45,2.54,7500,
Carnivora,Herpestidae,Atilax,paludinosus,3300,2.49,100.23,1.43,631.85,
Carnivora,Herpestidae,Bdeogale,crassicauda,1570,-999,-999,-999,-999,
Carnivora,Herpestidae,Crossarchus,obscurus,727,2.25,-999,0.75,-999,
Carnivora,Herpestidae,Cynictis,penicillata,598.5,1.84,-999,2,-999,
Carnivora,Herpestidae,Galerella,pulverulenta,683,2,-999,1.92,-999,
Carnivora,Herpestidae,Galerella,sanguinea,448,2,-999,1.73,-999,
Carnivora,Herpestidae,Galidia,elegans,800,2.61,50,1.94,183,
Carnivora,Herpestidae,Galidictis,fasciata,-999,-999,-999,-999,-999,
Carnivora,Herpestidae,Helogale,parvula,274.8,1.8,-999,-999,-999,
Carnivora,Herpestidae,Herpestes,javanicus,800,1.62,25.92,1.65,275,
Carnivora,Herpestidae,Herpestes,edwardsii,1008,1.98,-999,-999,-999,
Carnivora,Herpestidae,Herpestes,ichneumon,2920,2.39,-999,2,800,
Carnivora,Herpestidae,Ichneumia,albicauda,3150,-999,-999,9,-999,
Carnivora,Herpestidae,Mungos,mungo,1331.5,2.02,22.1,-999,-999,
Carnivora,Herpestidae,Mungotictis,decemlineata,700,3.27,50,1.29,-999,
Carnivora,Herpestidae,Paracynictis,selousi,1800,-999,-999,-999,-999,
Carnivora,Herpestidae,Suricata,suricatta,776,2.57,31.33,1.44,212.75,
Carnivora,Hyaenidae,Crocuta,crocuta,63000,3.45,1353.33,10.57,14500,
Carnivora,Hyaenidae,Hyaena,hyaena,40000,3.01,669.5,9.17,-999,
Carnivora,Hyaenidae,Parahyaena,brunnea,60200,3.08,727.28,7.67,27400,
Carnivora,Hyaenidae,Proteles,cristatus,10000,2.9,-999,3.52,-999,
Carnivora,Mustelidae,Amblonyx,cinereus,3000,2.07,57,2.67,-999,
Carnivora,Mustelidae,Aonyx,congicus,24000,-999,-999,-999,-999,
Carnivora,Mustelidae,Aonyx,capensis,11800,2.1,1050,1.75,3360,
Carnivora,Mustelidae,Arctonyx,collaris,10500,1.5,58,3.42,-999,
Carnivora,Mustelidae,Conepatus,leuconotus,3500,-999,-999,-999,-999,
Carnivora,Mustelidae,Conepatus,semistriatus,1200,2,-999,-999,-999,
Carnivora,Mustelidae,Conepatus,mesoleucus,1996.67,1.7,-999,-999,-999,
Carnivora,Mustelidae,Eira,barbara,4500,2.19,82.25,2.71,1707.5,
Carnivora,Mustelidae,Enhydra,lutris,21800,7.1,1909.17,5.77,12666.67,
Carnivora,Mustelidae,Galictis,vittata,2350,1.3,-999,-999,-999,
Carnivora,Mustelidae,Gulo,gulo,16333.33,1.69,90.53,2.6,-999,
Carnivora,Mustelidae,Ictonyx,libyca,500,1.68,5,1.25,250,
Carnivora,Mustelidae,Ictonyx,striatus,765,1.2,12.5,2.6,170,
Carnivora,Mustelidae,Lontra,longicaudis,7500,1.87,-999,-999,-999,
Carnivora,Mustelidae,Lontra,felina,-999,2.45,-999,-999,-999,
Carnivora,Mustelidae,Lontra,canadensis,6225,2.01,141,4.38,1510,
Carnivora,Mustelidae,Lutra,maculicollis,4000,2,-999,-999,-999,
Carnivora,Mustelidae,Lutra,lutra,6750,2.2,-999,1.9,-999,
Carnivora,Mustelidae,Lutrogale,perspicillata,9000,2.07,-999,-999,-999,
Carnivora,Mustelidae,Martes,flavigula,2500,-999,-999,-999,-999,
Carnivora,Mustelidae,Martes,zibellina,1066.67,1.5,31.25,1.79,600,
Carnivora,Mustelidae,Martes,foina,1700,3.19,-999,1.42,-999,
Carnivora,Mustelidae,Martes,americana,606.67,0.93,32.67,1.5,414,
Carnivora,Mustelidae,Martes,pennanti,2600,1.33,34.78,2.61,-999,
Carnivora,Mustelidae,Martes,martes,1300,1.73,30,1.87,680,
Carnivora,Mustelidae,Meles,meles,13000,1.89,84.25,3.18,-999,
Carnivora,Mustelidae,Mellivora,capensis,10000,5.86,210,-999,-999,
Carnivora,Mustelidae,Melogale,personata,2000,-999,-999,-999,-999,
Carnivora,Mustelidae,Mephitis,macroura,965,2,-999,-999,-999,
Carnivora,Mustelidae,Mephitis,mephitis,1821.25,1.63,28.1,2.08,493.5,
Carnivora,Mustelidae,Mustela,nigripes,809,1.44,-999,-999,-999,
Carnivora,Mustelidae,Mustela,lutreola,440,3.32,7.5,1.88,-999,
Carnivora,Mustelidae,Mustela,altaica,171,1.25,-999,1.63,-999,
Carnivora,Mustelidae,Mustela,sibirica,405,1.06,-999,2,-999,
Carnivora,Mustelidae,Mustela,vison,899.75,1.19,8.64,1.6,110,
Carnivora,Mustelidae,Mustela,frenata,150.6,0.82,3.1,1.22,34.6,
Carnivora,Mustelidae,Mustela,erminea,110.33,1.43,2.3,1.49,26.57,
Carnivora,Mustelidae,Mustela,eversmannii,1350,1.2,5.73,1.67,-999,
Carnivora,Mustelidae,Mustela,putorius,588.67,1.05,9.26,1.64,-999,
Carnivora,Mustelidae,Mustela,nivalis,49.75,1.32,2.61,1.39,36,
Carnivora,Mustelidae,Poecilogale,albinucha,257.5,1.05,4,2.14,50,
Carnivora,Mustelidae,Pteronura,brasiliensis,24000,2.26,202.83,3.67,-999,
Carnivora,Mustelidae,Spilogale,pygmaea,260,1.57,6.9,-999,-999,
Carnivora,Mustelidae,Spilogale,putorius,511.5,2.19,13.8,1.64,160,
Carnivora,Mustelidae,Taxidea,taxus,6050,1.83,101.88,1.68,3000,
Carnivora,Mustelidae,Vormela,peregusna,542.5,2,-999,1,-999,
Carnivora,Odobenidae,Odobenus,rosmarus,650000,11.5,51883.33,20.37,200000,
Carnivora,Otariidae,Arctocephalus,galapagoensis,27000,7,3533.33,16.6,15000,
Carnivora,Otariidae,Arctocephalus,tropicalis,50000,11.75,4420,7.85,-999,
Carnivora,Otariidae,Arctocephalus,forsteri,55000,7.75,3833.33,11,-999,
Carnivora,Otariidae,Arctocephalus,gazella,40500,9,5933.33,3.9,15800,
Carnivora,Otariidae,Arctocephalus,pusillus,77666.67,9.17,5955.56,11.57,26150,
Carnivora,Otariidae,Arctocephalus,australis,45000,7.75,4250,13.5,-999,
Carnivora,Otariidae,Eumetopias,jubatus,288932.5,8.75,19215,9.71,106610,
Carnivora,Otariidae,Neophoca,cinerea,79633.33,11.75,7075,18.75,59724,
Carnivora,Otariidae,Otaria,byronia,140000,12,12763.33,12,-999,
Carnivora,Otariidae,Phocarctos,hookeri,-999,12,7000,8.67,-999,
Carnivora,Otariidae,Zalophus,californianus,84666.67,11.14,6817.14,10.75,25000,
Carnivora,Otariidae,Callorhinus,ursinus,49100,8.37,5182.73,3.22,12920,
Carnivora,Phocidae,Cystophora,cristata,212000,8.01,15388.89,0.3,44980,
Carnivora,Phocidae,Erignathus,barbatus,286666.67,8.71,36950,1,72666.67,
Carnivora,Phocidae,Halichoerus,grypus,186000,7.87,12820,0.61,43077.78,
Carnivora,Phocidae,Hydrurga,leptonyx,398666.67,9.5,30875,1,-999,
Carnivora,Phocidae,Leptonychotes,weddellii,421666.67,9.6,28394,1.33,117917.14,
Carnivora,Phocidae,Lobodon,carcinophagus,238333.33,8.5,22333.33,1.09,120000,
Carnivora,Phocidae,Mirounga,leonina,579400,7.63,39918.89,0.76,130192.31,
Carnivora,Phocidae,Mirounga,angustirostris,716666.67,8.45,35250,0.88,138037.14,
Carnivora,Phocidae,Monachus,monachus,275000,10,19600,1.55,-999,
Carnivora,Phocidae,Monachus,schauinslandi,173000,11,30675,1.24,64000,
Carnivora,Phocidae,Ommatophoca,rossii,187666.67,8.13,20266.67,1,-999,
Carnivora,Phocidae,Phoca,largha,80000,10.5,7100,0.78,21300,
Carnivora,Phocidae,Phoca,caspica,86000,11,5000,1,-999,
Carnivora,Phocidae,Phoca,hispida,86140,8.2,5909.09,1.6,11350,
Carnivora,Phocidae,Phoca,groenlandica,128786.67,7.63,8476.92,0.37,34377.78,
Carnivora,Phocidae,Phoca,fasciata,82500,9,10250,0.88,30000,
Carnivora,Phocidae,Phoca,vitulina,101250,8.35,11083.64,1.13,23945,
Carnivora,Phocidae,Phoca,sibirica,81666.67,9,3000,2.14,66900,
Carnivora,Procyonidae,Bassaricyon,gabbii,1242.5,2.45,51,-999,-999,
Carnivora,Procyonidae,Bassariscus,sumichrasti,900,2.15,-999,-999,-999,
Carnivora,Procyonidae,Bassariscus,astutus,975.5,1.81,28.58,2.26,219.35,
Carnivora,Procyonidae,Nasua,nasua,4750,2.51,153.33,2.82,730,
Carnivora,Procyonidae,Nasua,narica,3750,2.56,140,4.17,-999,
Carnivora,Procyonidae,Potos,flavus,3000,3.84,165.66,3.35,-999,
Carnivora,Procyonidae,Procyon,cancrivorus,6270,-999,-999,-999,-999,
Carnivora,Procyonidae,Procyon,lotor,4400,2.13,76.14,2.95,1200,
Carnivora,Ursidae,Ailuropoda,melanoleuca,111600,4.31,109.29,6.7,15000,
Carnivora,Ursidae,Ailurus,fulgens,4325,4.3,120.17,4,1140,
Carnivora,Ursidae,Helarctos,malayanus,46000,3.68,275,3,-999,
Carnivora,Ursidae,Melursus,ursinus,100000,6.42,-999,2.5,-999,
Carnivora,Ursidae,Tremarctos,ornatus,61000,7.33,320,2.96,-999,
Carnivora,Ursidae,Ursus,thibetanus,76666.67,7,351.67,3.25,-999,
Carnivora,Ursidae,Ursus,maritimus,286366.67,8.11,634.25,12.68,31156,
Carnivora,Ursidae,Ursus,arctos,203500,6.93,494.82,13.78,26000,
Carnivora,Ursidae,Ursus,americanus,110560,6.75,294.47,6.42,14050,
Carnivora,Viverridae,Arctictis,binturong,12250,2.74,316.38,2.59,2100,
Carnivora,Viverridae,Arctogalidia,trivirgata,2250,1.5,-999,2,-999,
Carnivora,Viverridae,Chrotogale,owstoni,3250,2,81.5,-999,-999,
Carnivora,Viverridae,Civettictis,civetta,13666.67,2.31,417,4.19,1955.75,
Carnivora,Viverridae,Cryptoprocta,ferox,9500,3,100,4.08,-999,
Carnivora,Viverridae,Cynogale,bennettii,4000,-999,-999,-999,-999,
Carnivora,Viverridae,Eupleres,goudotii,3000,-999,150,2.13,-999,
Carnivora,Viverridae,Fossa,fossana,1540,2.9,67.5,2.28,-999,
Carnivora,Viverridae,Genetta,maculata,2225,-999,-999,-999,-999,
Carnivora,Viverridae,Genetta,genetta,1866.67,2.5,74.2,2.75,-999,
Carnivora,Viverridae,Genetta,tigrina,1820,2.32,71,1.94,-999,
Carnivora,Viverridae,Hemigalus,derbyanus,2375,-999,125,2.33,-999,
Carnivora,Viverridae,Nandinia,binotata,1900,2.13,-999,2.13,-999,
Carnivora,Viverridae,Paguma,larvata,4300,-999,-999,-999,-999,
Carnivora,Viverridae,Paradoxurus,zeylonensis,2380,-999,-999,-999,-999,
Carnivora,Viverridae,Paradoxurus,hermaphroditus,3100,1.5,87.08,-999,-999,
Carnivora,Viverridae,Prionodon,pardicolor,4500,-999,-999,-999,-999,
Carnivora,Viverridae,Prionodon,linsang,698,-999,40,-999,-999,
Carnivora,Viverridae,Viverra,zibetha,10000,-999,-999,1,-999,
Carnivora,Viverridae,Viverricula,indica,3000,-999,-999,4.25,-999,
Cetacea,Balaenidae,Balaena,mysticetus,80000000,12.37,-999,11.25,-999,
Cetacea,Balaenidae,Eubalaena,australis,23000000,12.55,-999,-999,-999,
Cetacea,Balaenidae,Eubalaena,glacialis,23000000,11.5,-999,7,-999,
Cetacea,Balaenopteridae,Balaenoptera,physalus,66800000,10.93,1850000,6.5,-999,
Cetacea,Balaenopteridae,Balaenoptera,musculus,149000000,10.71,2250000,7.08,19075000,
Cetacea,Balaenopteridae,Balaenoptera,borealis,14766666.67,11.4,650000,7.56,-999,
Cetacea,Balaenopteridae,Balaenoptera,edeni,20000000,12.35,-999,9,-999,
Cetacea,Balaenopteridae,Balaenoptera,acutorostrata,16266666.67,10.15,-999,5,-999,
Cetacea,Balaenopteridae,Megaptera,novaeangliae,30000000,11.43,1325000,9.08,-999,
Cetacea,Delphinidae,Cephalorhynchus,heavisidii,-999,-999,9500,-999,-999,
Cetacea,Delphinidae,Cephalorhynchus,commersonii,72400,12,5500,-999,-999,
Cetacea,Delphinidae,Cephalorhynchus,hectori,-999,-999,-999,-999,-999,
Cetacea,Delphinidae,Delphinus,delphis,76365,9.57,7050,10.5,40000,
Cetacea,Delphinidae,Feresa,attenuata,133000,-999,-999,-999,-999,
Cetacea,Delphinidae,Globicephala,melas,1060000,14.8,109666.67,26.69,-999,
Cetacea,Delphinidae,Globicephala,macrorhynchus,726000,15.25,60000,48,-999,
Cetacea,Delphinidae,Grampus,griseus,425000,12,-999,-999,-999,
Cetacea,Delphinidae,Lagenodelphis,hosei,164000,11,-999,-999,-999,
Cetacea,Delphinidae,Lagenorhynchus,albirostris,180000,-999,-999,-999,-999,
Cetacea,Delphinidae,Lagenorhynchus,obliquidens,103000,10,-999,-999,-999,
Cetacea,Delphinidae,Lagenorhynchus,acutus,182000,10.5,24000,18,-999,
Cetacea,Delphinidae,Lagenorhynchus,obscurus,110000,11.63,-999,12,-999,
Cetacea,Delphinidae,Orcaella,brevirostris,190000,14,12300,15.5,45000,
Cetacea,Delphinidae,Orcinus,orca,4300000,14.89,159333.33,15.5,-999,
Cetacea,Delphinidae,Peponocephala,electra,206000,12,-999,-999,-999,
Cetacea,Delphinidae,Pseudorca,crassidens,1360000,14.92,-999,16.5,-999,
Cetacea,Delphinidae,Sotalia,fluviatilis,46666.67,10.7,-999,-999,-999,
Cetacea,Delphinidae,Stenella,coeruleoalba,122950,12.1,11300,14.83,-999,
Cetacea,Delphinidae,Stenella,longirostris,70333.33,10.4,-999,18,-999,
Cetacea,Delphinidae,Stenella,attenuata,68700,11.4,-999,17.95,-999,
Cetacea,Delphinidae,Steno,bredanensis,122500,-999,-999,-999,-999,
Cetacea,Delphinidae,Tursiops,truncatus,173333.33,12.12,18920,18.94,-999,
Cetacea,Eschrichtiidae,Eschrichtius,robustus,25066666.67,12.36,529666.67,6.1,-999,
Cetacea,Monodontidae,Delphinapterus,leucas,665000,13.44,71400,22.6,-999,
Cetacea,Monodontidae,Monodon,monoceros,900000,14.83,80000,17,-999,
Cetacea,Neobalaenidae,Caperea,marginata,3200000,10,-999,5.5,-999,
Cetacea,Phocoenidae,Neophocaena,phocaenoides,32500,10.5,7066.67,10.5,24500,
Cetacea,Phocoenidae,Phocoena,sinus,45000,-999,-999,-999,-999,
Cetacea,Phocoenidae,Phocoena,phocoena,53183.33,9.66,6775,8.5,-999,
Cetacea,Phocoenidae,Phocoenoides,dalli,101666.67,9.98,-999,11.43,-999,
Cetacea,Physeteridae,Kogia,simus,190233.33,-999,-999,-999,-999,
Cetacea,Physeteridae,Kogia,breviceps,363000,11,82000,-999,-999,
Cetacea,Physeteridae,Physeter,catodon,15400000,15.8,942666.67,18.4,-999,
Cetacea,Platanistidae,Inia,geoffrensis,96500,9.83,6800,-999,-999,
Cetacea,Platanistidae,Lipotes,vexillifer,83500,10.5,-999,-999,-999,
Cetacea,Platanistidae,Platanista,minor,-999,10.25,7000,-999,-999,
Cetacea,Platanistidae,Platanista,gangetica,21000,10,-999,12,-999,
Cetacea,Platanistidae,Pontoporia,blainvillei,40333.33,10.92,7900,10.5,-999,
Cetacea,Ziphiidae,Berardius,arnuxii,-999,10,-999,-999,-999,
Cetacea,Ziphiidae,Berardius,bairdii,8200000,14.67,-999,-999,-999,
Cetacea,Ziphiidae,Hyperoodon,ampullatus,5266666.67,12,-999,12,-999,
Cetacea,Ziphiidae,Mesoplodon,carlhubbsi,1500000,12,-999,-999,-999,
Cetacea,Ziphiidae,Mesoplodon,densirostris,1050000,-999,-999,-999,-999,
Cetacea,Ziphiidae,Mesoplodon,bidens,3400000,12,-999,12,-999,
Cetacea,Ziphiidae,Ziphius,cavirostris,2952500,12,-999,-999,-999,
Dermoptera,Cynocephalidae,Cynocephalus,variegatus,1000,2,-999,-999,-999,
Dermoptera,Cynocephalidae,Cynocephalus,volans,-999,3.5,35.9,6.34,-999,
Hyracoidea,Procaviidae,Dendrohyrax,arboreus,2950,7.59,-999,5,-999,
Hyracoidea,Procaviidae,Dendrohyrax,dorsalis,3116.67,7,236,-999,-999,
Hyracoidea,Procaviidae,Heterohyrax,brucei,2456.67,7.57,225,3,-999,
Hyracoidea,Procaviidae,Procavia,capensis,3600,7.44,232.18,2.81,500,
Insectivora,Chrysochloridae,Amblysomus,hottentotus,64.8,-999,4.5,-999,-999,
Insectivora,Chrysochloridae,Chrysochloris,stuhlmanni,39.8,-999,-999,2.5,-999,
Insectivora,Chrysochloridae,Chrysochloris,asiatica,42,-999,-999,2.5,-999,
Insectivora,Chrysochloridae,Chrysospalax,villosus,104,-999,-999,-999,-999,
Insectivora,Chrysochloridae,Eremitalpa,granti,23.2,-999,-999,-999,-999,
Insectivora,Erinaceidae,Atelerix,algirus,745,1.3,-999,1.33,-999,
Insectivora,Erinaceidae,Atelerix,albiventris,334,1.24,7.92,1.45,-999,
Insectivora,Erinaceidae,Atelerix,frontalis,309,1.22,10.49,1.17,-999,
Insectivora,Erinaceidae,Echinosorex,gymnura,956.5,1.25,14.5,-999,-999,
Insectivora,Erinaceidae,Erinaceus,concolor,719,-999,22,-999,-999,
Insectivora,Erinaceidae,Erinaceus,europaeus,771,1.2,15.7,1.37,203,
Insectivora,Erinaceidae,Hemiechinus,micropus,171,1.24,8.5,2,-999,
Insectivora,Erinaceidae,Hemiechinus,hypomelas,292,-999,-999,2,-999,
Insectivora,Erinaceidae,Hemiechinus,aethiopicus,358,-999,8.5,1.64,-999,
Insectivora,Erinaceidae,Hemiechinus,auritus,342,1.26,10.14,1.17,-999,
Insectivora,Erinaceidae,Hylomys,suillus,64,1.08,-999,-999,-999,
Insectivora,Solenodontidae,Solenodon,cubanus,1000,-999,-999,-999,-999,
Insectivora,Solenodontidae,Solenodon,paradoxus,900,2.8,53.75,2.5,-999,
Insectivora,Soricidae,Blarina,carolinensis,9.25,-999,-999,-999,-999,
Insectivora,Soricidae,Blarina,hylophaga,14.5,0.75,-999,1,14.5,
Insectivora,Soricidae,Blarina,brevicauda,21.63,0.66,0.97,0.72,-999,
Insectivora,Soricidae,Crocidura,fuliginosa,12,-999,-999,-999,-999,
Insectivora,Soricidae,Crocidura,turba,15,-999,-999,-999,-999,
Insectivora,Soricidae,Crocidura,canariensis,7.5,1,0.8,-999,-999,
Insectivora,Soricidae,Crocidura,fuscomurina,5,-999,0.82,0.57,3.2,
Insectivora,Soricidae,Crocidura,planiceps,2.5,-999,-999,-999,-999,
Insectivora,Soricidae,Crocidura,crossei,7.2,-999,-999,-999,-999,
Insectivora,Soricidae,Crocidura,mariquensis,9.7,-999,-999,-999,-999,
Insectivora,Soricidae,Crocidura,viaria,17.1,-999,1.4,0.67,13.7,
Insectivora,Soricidae,Crocidura,flavescens,22,0.84,2.26,-999,20.7,
Insectivora,Soricidae,Crocidura,leucodon,9.91,0.99,0.88,0.7,-999,
Insectivora,Soricidae,Crocidura,hirta,13.67,0.6,1,0.59,10,
Insectivora,Soricidae,Crocidura,russula,11.63,0.97,0.88,0.84,7.7,
Insectivora,Soricidae,Crocidura,suaveolens,7.7,0.93,0.63,0.83,4,
Insectivora,Soricidae,Cryptotis,parva,6.2,0.67,0.34,0.69,3.85,
Insectivora,Soricidae,Diplomesodon,pulchellum,10,-999,-999,-999,-999,
Insectivora,Soricidae,Myosorex,varius,11,-999,1,0.7,-999,
Insectivora,Soricidae,Myosorex,cafer,13,-999,-999,-999,-999,
Insectivora,Soricidae,Myosorex,geata,-999,-999,-999,-999,-999,
Insectivora,Soricidae,Neomys,anomalus,16,0.75,0.58,0.97,-999,
Insectivora,Soricidae,Neomys,fodiens,14.32,0.73,0.78,1.2,10,
Insectivora,Soricidae,Notiosorex,crawfordi,4.15,-999,0.41,1.42,3.6,
Insectivora,Soricidae,Sorex,mirabilis,-999,-999,-999,-999,-999,
Insectivora,Soricidae,Sorex,dispar,4.9,-999,-999,-999,-999,
Insectivora,Soricidae,Sorex,pacificus,6.71,-999,-999,-999,-999,
Insectivora,Soricidae,Sorex,bairdii,8.34,-999,-999,-999,-999,
Insectivora,Soricidae,Sorex,bendirii,15.88,-999,-999,-999,-999,
Insectivora,Soricidae,Sorex,coronatus,9.6,0.77,0.58,1,8.6,
Insectivora,Soricidae,Sorex,merriami,4,-999,-999,-999,-999,
Insectivora,Soricidae,Sorex,cinereus,4.26,0.64,0.28,0.75,3.5,
Insectivora,Soricidae,Sorex,arcticus,8.2,-999,-999,-999,-999,
Insectivora,Soricidae,Sorex,ornatus,5.57,0.7,0.5,-999,-999,
Insectivora,Soricidae,Sorex,hoyi,4.37,-999,-999,-999,-999,
Insectivora,Soricidae,Sorex,monticolus,6,-999,-999,0.7,-999,
Insectivora,Soricidae,Sorex,trowbridgii,4.44,-999,-999,-999,-999,
Insectivora,Soricidae,Sorex,minutus,7.25,0.77,0.25,0.84,-999,
Insectivora,Soricidae,Sorex,haydeni,3,0.68,-999,0.84,-999,
Insectivora,Soricidae,Sorex,araneus,8.98,0.69,0.47,0.85,8.5,
Insectivora,Soricidae,Sorex,longirostris,3.68,-999,-999,0.88,-999,
Insectivora,Soricidae,Sorex,nanus,2.5,-999,-999,-999,-999,
Insectivora,Soricidae,Sorex,fumeus,8.2,0.55,-999,-999,4,
Insectivora,Soricidae,Sorex,vagrans,5.58,0.67,0.42,0.7,5.5,
Insectivora,Soricidae,Sorex,palustris,12.47,0.75,-999,-999,-999,
Insectivora,Soricidae,Suncus,murinus,45.87,1.05,2.6,0.65,19.08,
Insectivora,Soricidae,Suncus,varilla,-999,-999,-999,-999,-999,
Insectivora,Soricidae,Suncus,etruscus,2.1,0.93,0.21,0.66,2.09,
Insectivora,Soricidae,Surdisorex,norae,-999,-999,-999,-999,-999,
Insectivora,Soricidae,Surdisorex,polulus,-999,-999,-999,-999,-999,
Insectivora,Soricidae,Sylvisorex,granti,-999,-999,-999,-999,-999,
Insectivora,Talpidae,Condylura,cristata,55.33,-999,-999,0.79,30,
Insectivora,Talpidae,Desmana,moschata,383,1.54,-999,1.17,-999,
Insectivora,Talpidae,Galemys,pyrenaicus,61.3,1,-999,-999,-999,
Insectivora,Talpidae,Neurotrichus,gibbsii,10,-999,0.67,-999,-999,
Insectivora,Talpidae,Parascalops,breweri,50.18,1.21,10.1,0.98,34.77,
Insectivora,Talpidae,Scalopus,aquaticus,74.6,1.35,5.36,1.17,-999,
Insectivora,Talpidae,Scapanus,townsendii,118.8,1.17,5,1,65,
Insectivora,Talpidae,Scapanus,orarius,76.9,1,-999,1,-999,
Insectivora,Talpidae,Scapanus,latimanus,52,-999,-999,-999,-999,
Insectivora,Talpidae,Talpa,altaica,85,-999,3.5,1.03,-999,
Insectivora,Talpidae,Talpa,europaea,133.3,1.06,3.38,1.25,44.2,
Insectivora,Talpidae,Urotrichus,talpoides,19.5,-999,-999,1,-999,
Insectivora,Tenrecidae,Echinops,telfairi,180,1.9,7.74,0.94,50,
Insectivora,Tenrecidae,Geogale,aurita,6.7,2.06,0.7,1.21,-999,
Insectivora,Tenrecidae,Hemicentetes,semispinosus,149.6,1.79,8.18,0.67,-999,
Insectivora,Tenrecidae,Limnogale,mergulus,79.5,-999,-999,-999,-999,
Insectivora,Tenrecidae,Microgale,dobsoni,37.8,2.06,3.95,0.94,-999,
Insectivora,Tenrecidae,Microgale,talazaci,48.1,2.03,3.65,0.97,-999,
Insectivora,Tenrecidae,Micropotamogale,lamottei,69.6,-999,-999,-999,-999,
Insectivora,Tenrecidae,Potamogale,velox,761.7,-999,-999,-999,-999,
Insectivora,Tenrecidae,Setifer,setosus,259.45,1.89,24.85,0.75,-999,
Insectivora,Tenrecidae,Tenrec,ecaudatus,884,2.01,21.38,1.11,225,
Lagomorpha,Leporidae,Brachylagus,idahoensis,421.33,0.89,-999,-999,-999,
Lagomorpha,Leporidae,Bunolagus,monticularis,1250,-999,45,-999,-999,
Lagomorpha,Leporidae,Caprolagus,hispidus,2500,-999,-999,-999,-999,
Lagomorpha,Leporidae,Lepus,nigricollis,2099.5,1.3,-999,-999,-999,
Lagomorpha,Leporidae,Lepus,callotis,1820,-999,-999,-999,-999,
Lagomorpha,Leporidae,Lepus,insularis,-999,1.4,-999,-999,-999,
Lagomorpha,Leporidae,Lepus,tolai,2110,1.53,110,-999,-999,
Lagomorpha,Leporidae,Lepus,othus,4506.33,1.53,102.5,1.83,2042,
Lagomorpha,Leporidae,Lepus,arcticus,3766,1.72,105,2.13,-999,
Lagomorpha,Leporidae,Lepus,timidus,3030.43,1.65,107.93,0.76,491.99,
Lagomorpha,Leporidae,Lepus,americanus,1489.25,1.22,61.03,0.66,362,
Lagomorpha,Leporidae,Lepus,townsendii,3035.5,1.29,94.32,0.88,737,
Lagomorpha,Leporidae,Lepus,capensis,2358,1.42,118.4,1.08,943.33,
Lagomorpha,Leporidae,Lepus,alleni,3759.67,1.5,118.1,1.75,3000,
Lagomorpha,Leporidae,Lepus,californicus,2317,1.43,84.34,1.34,1300,
Lagomorpha,Leporidae,Lepus,europaeus,3673.33,1.42,119.67,0.94,390,
Lagomorpha,Leporidae,Lepus,saxatilis,2686,1.38,98,-999,-999,
Lagomorpha,Leporidae,Oryctolagus,cuniculus,1558.25,1.02,39.61,0.85,214,
Lagomorpha,Leporidae,Poelagus,marjorita,2500,1.25,-999,-999,-999,
Lagomorpha,Leporidae,Pronolagus,randensis,2470,-999,-999,-999,-999,
Lagomorpha,Leporidae,Pronolagus,crassicaudatus,1945,-999,-999,-999,-999,
Lagomorpha,Leporidae,Pronolagus,rupestris,1700,-999,-999,-999,-999,
Lagomorpha,Leporidae,Romerolagus,diazi,494.5,1.27,30.62,0.86,102.6,
Lagomorpha,Leporidae,Sylvilagus,brasiliensis,950,1.19,-999,0.88,-999,
Lagomorpha,Leporidae,Sylvilagus,palustris,1233,1.11,-999,-999,-999,
Lagomorpha,Leporidae,Sylvilagus,transitionalis,902.6,0.93,30,0.53,-999,
Lagomorpha,Leporidae,Sylvilagus,aquaticus,2120.67,1.26,57.67,0.47,160,
Lagomorpha,Leporidae,Sylvilagus,bachmani,707.67,0.9,28.17,0.63,-999,
Lagomorpha,Leporidae,Sylvilagus,nuttallii,759.96,0.97,-999,1.13,-999,
Lagomorpha,Leporidae,Sylvilagus,floridanus,1269,0.9,34.33,0.8,118.5,
Lagomorpha,Leporidae,Sylvilagus,audubonii,909.38,0.94,34.5,0.92,-999,
Lagomorpha,Ochotonidae,Ochotona,macrotis,167,-999,-999,-999,-999,
Lagomorpha,Ochotonidae,Ochotona,curzoniae,-999,0.75,11.2,-999,-999,
Lagomorpha,Ochotonidae,Ochotona,collaris,129,1,-999,-999,-999,
Lagomorpha,Ochotonidae,Ochotona,roylei,115,-999,7,0.7,-999,
Lagomorpha,Ochotonidae,Ochotona,dauurica,128,-999,-999,-999,-999,
Lagomorpha,Ochotonidae,Ochotona,alpina,-999,1,7.87,0.7,-999,
Lagomorpha,Ochotonidae,Ochotona,princeps,140.2,1,10.67,0.91,81.12,
Lagomorpha,Ochotonidae,Ochotona,rutila,-999,-999,-999,-999,-999,
Lagomorpha,Ochotonidae,Ochotona,pallasi,-999,0.83,7,0.7,-999,
Lagomorpha,Ochotonidae,Ochotona,pusilla,-999,0.74,7,0.72,-999,
Lagomorpha,Ochotonidae,Ochotona,rufescens,250,0.86,11.4,0.65,72.3,
Macroscelidea,Macroscelididae,Elephantulus,rupestris,60,1.87,-999,-999,-999,
Macroscelidea,Macroscelididae,Elephantulus,fuscus,-999,-999,-999,-999,-999,
Macroscelidea,Macroscelididae,Elephantulus,intufi,51.95,1.7,10,1.25,-999,
Macroscelidea,Macroscelididae,Elephantulus,myurus,51.94,1.8,8.1,1,-999,
Macroscelidea,Macroscelididae,Elephantulus,rozeti,48,2.5,-999,-999,-999,
Macroscelidea,Macroscelididae,Elephantulus,rufescens,58,1.93,10.73,0.77,28.99,
Macroscelidea,Macroscelididae,Elephantulus,brachyrhynchus,44.33,-999,-999,-999,-999,
Macroscelidea,Macroscelididae,Macroscelides,proboscideus,40,2.14,7,0.62,-999,
Macroscelidea,Macroscelididae,Petrodromus,tetradactylus,220,-999,31,-999,-999,
Macroscelidea,Macroscelididae,Rhynchocyon,chrysopygus,540,1.4,80,0.49,180,
Perissodactyla,Equidae,Equus,asinus,250000,11.97,29166.67,-999,-999,
Perissodactyla,Equidae,Equus,kiang,275000,9.83,-999,-999,-999,
Perissodactyla,Equidae,Equus,grevyi,384000,13.32,40000,9.17,-999,
Perissodactyla,Equidae,Equus,zebra,296000,12.02,30000,10,-999,
Perissodactyla,Equidae,Equus,burchellii,257000,12.16,32292,10.76,174500,
Perissodactyla,Equidae,Equus,hemionus,230000,11.44,-999,12.5,-999,
Perissodactyla,Rhinocerotidae,Ceratotherium,simum,2233333.33,15.87,51166.67,12,-999,
Perissodactyla,Rhinocerotidae,Dicerorhinus,sumatrensis,1266666.67,7.75,23000,16.5,-999,
Perissodactyla,Rhinocerotidae,Diceros,bicornis,927766.67,16.12,34166.67,19.92,-999,
Perissodactyla,Rhinocerotidae,Rhinoceros,unicornis,1602333.33,16.44,58204.55,15,885812.33,
Perissodactyla,Rhinocerotidae,Rhinoceros,sondaicus,1750000,16.5,-999,18,-999,
Perissodactyla,Tapiridae,Tapirus,pinchaque,148950,13.09,4270,-999,-999,
Perissodactyla,Tapiridae,Tapirus,terrestris,200000,13.18,5417.5,9.5,86260,
Perissodactyla,Tapiridae,Tapirus,indicus,296250,12.76,7100,6.37,-999,
Perissodactyla,Tapiridae,Tapirus,bairdii,300000,13.17,9400,-999,-999,
Pholidota,Manidae,Manis,gigantea,33000,-999,500,-999,6000,
Pholidota,Manidae,Manis,javanica,5150,-999,-999,-999,-999,
Pholidota,Manidae,Manis,pentadactyla,2350,-999,92.5,2.87,-999,
Pholidota,Manidae,Manis,tricuspis,1480,4,120,4.83,675,
Pholidota,Manidae,Manis,crassicaudata,3900,2.25,331.75,-999,-999,
Pholidota,Manidae,Manis,tetradactyla,2750,-999,-999,-999,400,
Pholidota,Manidae,Manis,temminckii,7230,4.63,338,1.17,948.7,
Primates,Callitrichidae,Callimico,goeldii,558.33,5.18,49.07,2.07,215,
Primates,Callitrichidae,Callithrix,humeralifer,343.33,-999,34.5,3.5,-999,
Primates,Callitrichidae,Callithrix,argentata,357.25,-999,-999,-999,-999,
Primates,Callitrichidae,Callithrix,pygmaea,116.83,4.6,16.16,3,70,
Primates,Callitrichidae,Callithrix,penicillata,307,-999,-999,-999,-999,
Primates,Callitrichidae,Callithrix,flaviceps,406,-999,-999,-999,-999,
Primates,Callitrichidae,Callithrix,jacchus,309,4.9,27.12,5.42,97,
Primates,Callitrichidae,Leontopithecus,rosalia,558,4.35,55.07,4.3,165,
Primates,Callitrichidae,Saguinus,leucopus,490,-999,44,-999,-999,
Primates,Callitrichidae,Saguinus,imperator,445.8,-999,35,-999,-999,
Primates,Callitrichidae,Saguinus,bicolor,465,5.33,-999,-999,-999,
Primates,Callitrichidae,Saguinus,nigricollis,411,-999,43.7,2.7,175,
Primates,Callitrichidae,Saguinus,mystax,526.13,5,46.9,5.62,-999,
Primates,Callitrichidae,Saguinus,geoffroyi,499.33,4.67,46.03,1.83,-999,
Primates,Callitrichidae,Saguinus,fuscicollis,370,4.91,39.6,3,-999,
Primates,Callitrichidae,Saguinus,oedipus,401,5.84,40.22,7.79,102.5,
Primates,Callitrichidae,Saguinus,labiatus,501.33,4.83,42.33,7.46,-999,
Primates,Callitrichidae,Saguinus,midas,466.75,4.6,40,2.34,-999,
Primates,Cebidae,Alouatta,pigra,11600,6.23,480,-999,-999,
Primates,Cebidae,Alouatta,seniculus,5555.29,6.37,295,12.3,-999,
Primates,Cebidae,Alouatta,palliata,5659.14,6.22,368.75,14.22,1100,
Primates,Cebidae,Alouatta,caraya,5353,6.23,187.5,6.42,-999,
Primates,Cebidae,Aotus,trivirgatus,833.56,4.67,91.18,3.14,360,
Primates,Cebidae,Aotus,lemurinus,874,4.43,98,2.5,-999,
Primates,Cebidae,Aotus,azarai,1230,-999,-999,7.7,-999,
Primates,Cebidae,Ateles,belzebuth,5400,4.63,-999,-999,-999,
Primates,Cebidae,Ateles,geoffroyi,6265.8,7.39,447.5,23.47,2000,
Primates,Cebidae,Ateles,paniscus,7758.8,7.39,461.67,26.15,3790,
Primates,Cebidae,Ateles,fusciceps,7761.8,7.47,235,12.9,-999,
Primates,Cebidae,Brachyteles,arachnoides,11142.5,7.76,-999,21.75,-999,
Primates,Cebidae,Cacajao,calvus,4092,6,-999,21.14,-999,
Primates,Cebidae,Callicebus,torquatus,1050,-999,-999,5,-999,
Primates,Cebidae,Callicebus,cupreus,1120,4.33,74,6.77,-999,
Primates,Cebidae,Callicebus,moloch,850,5.49,72.2,3.5,-999,
Primates,Cebidae,Cebus,olivaceus,2410,-999,-999,24.33,-999,
Primates,Cebidae,Cebus,capucinus,2602.57,5.7,237.25,17.12,1350,
Primates,Cebidae,Cebus,apella,2528.5,5.33,225.42,10.09,1000,
Primates,Cebidae,Cebus,albifrons,2539.07,5.17,232.42,8.15,-999,
Primates,Cebidae,Chiropotes,albinasus,2900,5,-999,-999,-999,
Primates,Cebidae,Chiropotes,satanas,2750,5,-999,-999,-999,
Primates,Cebidae,Lagothrix,lagotricha,6076.25,8.35,213.96,11.57,-999,
Primates,Cebidae,Pithecia,monachus,1926.67,-999,120.67,-999,-999,
Primates,Cebidae,Pithecia,pithecia,1377.2,5.32,-999,4,-999,
Primates,Cebidae,Saimiri,oerstedi,580,-999,-999,-999,-999,
Primates,Cebidae,Saimiri,sciureus,607.8,5.71,113.25,6.4,410.5,
Primates,Cercopithecidae,Allenopithecus,nigroviridis,3301.67,-999,221,2.5,-999,
Primates,Cercopithecidae,Cercocebus,galeritus,5425.75,5.85,-999,12,2170,
Primates,Cercopithecidae,Cercocebus,torquatus,7036.67,5.61,-999,-999,-999,
Primates,Cercopithecidae,Cercopithecus,wolfi,2870,-999,435,-999,-999,
Primates,Cercopithecidae,Cercopithecus,lhoesti,4700,-999,-999,-999,-999,
Primates,Cercopithecidae,Cercopithecus,mona,3833.33,-999,283,-999,-999,
Primates,Cercopithecidae,Cercopithecus,nictitans,4225.33,5.67,406,-999,-999,
Primates,Cercopithecidae,Cercopithecus,erythrotis,-999,-999,-999,16,-999,
Primates,Cercopithecidae,Cercopithecus,cephus,2866.25,5.67,339,-999,-999,
Primates,Cercopithecidae,Cercopithecus,pogonias,2973.67,5.67,339,-999,-999,
Primates,Cercopithecidae,Cercopithecus,ascanius,3392.6,5,371,6,-999,
Primates,Cercopithecidae,Cercopithecus,campbelli,3150,6,-999,12,-999,
Primates,Cercopithecidae,Cercopithecus,mitis,5685.71,4.5,391.65,10.37,-999,
Primates,Cercopithecidae,Cercopithecus,solatus,3920,-999,-999,-999,-999,
Primates,Cercopithecidae,Cercopithecus,neglectus,4670.17,5.75,305,13,1640,
Primates,Cercopithecidae,Cercopithecus,diana,4216.5,-999,463,12,-999,
Primates,Cercopithecidae,Chlorocebus,aethiops,3732.64,5.62,337.79,6.99,1036.5,
Primates,Cercopithecidae,Colobus,angolensis,9000,-999,-999,-999,-999,
Primates,Cercopithecidae,Colobus,satanas,9500,6.5,-999,16,-999,
Primates,Cercopithecidae,Colobus,polykomos,8508,6.26,573.4,8.87,1240,
Primates,Cercopithecidae,Colobus,guereza,9725.17,5.67,497,12.38,1600,
Primates,Cercopithecidae,Erythrocebus,patas,5883.4,5.56,546.5,5.33,1950,
Primates,Cercopithecidae,Lophocebus,albigena,6725.8,5.97,462.5,7.67,2170,
Primates,Cercopithecidae,Macaca,thibetana,10036.67,5.67,533.33,18.8,2400,
Primates,Cercopithecidae,Macaca,fuscata,8857.5,5.72,504.96,12.06,1767.5,
Primates,Cercopithecidae,Macaca,maura,5575,5.43,389.5,16.67,-999,
Primates,Cercopithecidae,Macaca,sylvanus,9752.6,5.49,450,7,2420,
Primates,Cercopithecidae,Macaca,arctoides,7307.67,6,486.2,11.2,2300,
Primates,Cercopithecidae,Macaca,nigra,6211.67,5.78,457.67,7,-999,
Primates,Cercopithecidae,Macaca,sinica,3495,-999,446,13.03,-999,
Primates,Cercopithecidae,Macaca,silenus,4875,5.94,418,12,-999,
Primates,Cercopithecidae,Macaca,mulatta,5413.4,5.47,476.2,9.47,1454,
Primates,Cercopithecidae,Macaca,cyclopis,6316.67,5.4,401,6.87,-999,
Primates,Cercopithecidae,Macaca,nemestrina,6133.1,5.71,476.24,10.66,1416.5,
Primates,Cercopithecidae,Macaca,fascicularis,3456.29,5.49,407.82,9.58,990.33,
Primates,Cercopithecidae,Macaca,radiata,3735,5.43,391.33,10.72,2000,
Primates,Cercopithecidae,Mandrillus,leucophaeus,9087.5,6.19,772,16,-999,
Primates,Cercopithecidae,Mandrillus,sphinx,11916.67,6.02,751.5,11.64,3000,
Primates,Cercopithecidae,Miopithecus,talapoin,1093.33,5.4,187.5,5.43,450,
Primates,Cercopithecidae,Nasalis,larvatus,9462.6,5.53,452,7.62,2000,
Primates,Cercopithecidae,Papio,hamadryas,14028.57,5.94,836.97,8.59,3950,
Primates,Cercopithecidae,Presbytis,comata,6200,-999,-999,-999,-999,
Primates,Cercopithecidae,Presbytis,rubicunda,6300,-999,-999,-999,-999,
Primates,Cercopithecidae,Presbytis,potenziani,6400,-999,-999,-999,-999,
Primates,Cercopithecidae,Presbytis,melalophos,6600,-999,-999,-999,-999,
Primates,Cercopithecidae,Procolobus,verus,3600,-999,-999,-999,-999,
Primates,Cercopithecidae,Procolobus,badius,6163.5,5.63,-999,21.88,-999,
Primates,Cercopithecidae,Pygathrix,bieti,9960,-999,427,-999,-999,
Primates,Cercopithecidae,Pygathrix,nemaeus,8310,6.25,463,-999,-999,
Primates,Cercopithecidae,Semnopithecus,entellus,11253.33,6.3,500,11.48,2100,
Primates,Cercopithecidae,Theropithecus,gelada,12242.33,5.81,464.5,15.4,3900,
Primates,Cercopithecidae,Trachypithecus,francoisi,7325,-999,457,13.1,-999,
Primates,Cercopithecidae,Trachypithecus,geei,8100,-999,-999,-999,-999,
Primates,Cercopithecidae,Trachypithecus,johnii,12000,-999,-999,-999,-999,
Primates,Cercopithecidae,Trachypithecus,cristatus,6572,-999,-999,12,-999,
Primates,Cercopithecidae,Trachypithecus,vetulus,7081.75,6.95,432.33,8.23,1100,
Primates,Cercopithecidae,Trachypithecus,obscurus,6426,4.92,329.83,12,-999,
Primates,Cercopithecidae,Trachypithecus,phayrei,8400,5.5,-999,10.17,-999,
Primates,Cheirogaleidae,Cheirogaleus,major,394.2,2.35,18.04,1.55,-999,
Primates,Cheirogaleidae,Cheirogaleus,medius,170.6,2.16,16.33,2.03,-999,
Primates,Cheirogaleidae,Microcebus,rufus,69,-999,6.5,1.33,-999,
Primates,Cheirogaleidae,Microcebus,coquereli,306.67,2.95,14.5,4.54,-999,
Primates,Cheirogaleidae,Microcebus,murinus,71,1.84,5.78,1.3,-999,
Primates,Cheirogaleidae,Phaner,furcifer,400,-999,-999,-999,-999,
Primates,Daubentoniidae,Daubentonia,madagascariensis,2610.33,5.53,123,7.71,1535,
Primates,Galagonidae,Euoticus,elegantulus,280,4.5,-999,-999,-999,
Primates,Galagonidae,Galago,alleni,289.2,4.47,24,-999,-999,
Primates,Galagonidae,Galago,moholi,180,4.1,12.1,3.07,95,
Primates,Galagonidae,Galago,senegalensis,171.38,4.23,14.05,2.93,116.67,
Primates,Galagonidae,Galagoides,demidoff,66,3.12,10.58,1.5,-999,
Primates,Galagonidae,Galagoides,zanzibaricus,144,4.1,14.55,-999,-999,
Primates,Galagonidae,Otolemur,crassicaudatus,1143.33,4.41,51.21,4.53,500,
Primates,Galagonidae,Otolemur,garnettii,731.33,4.4,49,-999,-999,
Primates,Hominidae,Gorilla,gorilla,101386.11,8.47,2077.5,27.44,12595,
Primates,Hominidae,Pan,troglodytes,37618.18,7.36,1669.92,36.54,8500,
Primates,Hominidae,Pan,paniscus,32733.33,7.75,1411.2,20.87,8500,
Primates,Hominidae,Pongo,pygmaeus,37115.6,8.67,1671.93,36.79,11000,
Primates,Hylobatidae,Hylobates,moloch,6048.4,7.5,-999,-999,-999,
Primates,Hylobatidae,Hylobates,klossii,5900,7,-999,11,-999,
Primates,Hylobatidae,Hylobates,hoolock,6500,-999,-999,23.3,-999,
Primates,Hylobatidae,Hylobates,concolor,6389.67,6.84,-999,-999,-999,
Primates,Hylobatidae,Hylobates,agilis,5666.67,-999,-999,-999,-999,
Primates,Hylobatidae,Hylobates,syndactylus,9554.67,7.74,527.33,21.1,-999,
Primates,Hylobatidae,Hylobates,lar,5050.56,7.08,325.71,19.73,1070,
Primates,Indridae,Avahi,laniger,1094.43,4.5,-999,5.33,-999,
Primates,Indridae,Indri,indri,7918,4.85,300,10.41,-999,
Primates,Indridae,Propithecus,tattersalli,3545,-999,98,5.1,-999,
Primates,Indridae,Propithecus,diadema,6260,5.93,135,9.1,-999,
Primates,Indridae,Propithecus,verreauxi,3657.13,4.7,77.64,6.04,-999,
Primates,Lemuridae,Eulemur,rubriventer,1765.33,4.28,85.5,-999,-999,
Primates,Lemuridae,Eulemur,macaco,2171.83,4.37,74.67,5.17,-999,
Primates,Lemuridae,Eulemur,mongoz,1666.2,4.29,58.93,5.07,-999,
Primates,Lemuridae,Eulemur,coronatus,1389.25,4.12,59,-999,-999,
Primates,Lemuridae,Eulemur,fulvus,2426.29,4.02,78.4,5.03,-999,
Primates,Lemuridae,Hapalemur,aureus,1390,-999,-999,-999,-999,
Primates,Lemuridae,Hapalemur,griseus,1202.71,4.73,44.8,4.84,-999,
Primates,Lemuridae,Lemur,catta,2466.67,4.43,72.14,4.79,-999,
Primates,Lemuridae,Varecia,variegata,3431.43,3.34,91.99,3.67,2893,
Primates,Loridae,Arctocebus,calabarensis,314.14,4.46,29.69,3.69,160,
Primates,Loridae,Loris,tardigradus,237,5.56,12.34,5.92,139,
Primates,Loridae,Nycticebus,pygmaeus,307,6.17,21.5,-999,-999,
Primates,Loridae,Nycticebus,coucang,966.2,6.34,49.94,5.82,520,
Primates,Loridae,Perodicticus,potto,1083.5,6.44,40.51,4.34,-999,
Primates,Megaladapidae,Lepilemur,leucopus,700,-999,-999,-999,-999,
Primates,Megaladapidae,Lepilemur,ruficaudatus,779,-999,-999,4,-999,
Primates,Megaladapidae,Lepilemur,mustelinus,713,4.38,37.17,2.81,-999,
Primates,Tarsiidae,Tarsius,pumilis,-999,-999,-999,-999,-999,
Primates,Tarsiidae,Tarsius,dianae,107,-999,-999,-999,-999,
Primates,Tarsiidae,Tarsius,syrichta,112,5.98,25.62,2.73,-999,
Primates,Tarsiidae,Tarsius,bancanus,101.2,5.93,25.42,2.02,-999,
Primates,Tarsiidae,Tarsius,spectrum,179.6,5.62,25.7,2.27,-999,
Proboscidea,Elephantidae,Elephas,maximus,3178000,21.12,100038.9,18,-999,
Proboscidea,Elephantidae,Loxodonta,africana,3507000,21.46,99006.25,39.35,600000,
Rodentia,Abrocomidae,Abrocoma,cinerea,250,3.78,12.25,-999,-999,
Rodentia,Abrocomidae,Abrocoma,bennetti,307,-999,-999,-999,-999,
Rodentia,Agoutidae,Agouti,paca,9000,3.77,682.4,2.41,-999,
Rodentia,Anomaluridae,Anomalurus,beecrofti,389,-999,-999,-999,-999,
Rodentia,Anomaluridae,Anomalurus,derbianus,770,-999,-999,-999,-999,
Rodentia,Anomaluridae,Anomalurus,pelii,1650,-999,-999,-999,-999,
Rodentia,Anomaluridae,Idiurus,zenkeri,15.75,-999,-999,-999,-999,
Rodentia,Aplodontidae,Aplodontia,rufa,687,0.98,23.58,1.75,392.52,
Rodentia,Bathyergidae,Bathyergus,suillus,635,2.26,34,0.7,-999,
Rodentia,Bathyergidae,Bathyergus,janetta,332,-999,15.4,0.93,-999,
Rodentia,Bathyergidae,Cryptomys,damarensis,144,3.05,9,2.73,-999,
Rodentia,Bathyergidae,Cryptomys,hottentotus,132.5,2.67,8.63,1.5,26.05,
Rodentia,Bathyergidae,Cryptomys,ochraceocinereus,200,-999,-999,-999,-999,
Rodentia,Bathyergidae,Georychus,capensis,181,1.47,8.4,0.57,36,
Rodentia,Bathyergidae,Heliophobius,argenteocinereus,160,2.9,7,-999,-999,
Rodentia,Bathyergidae,Heterocephalus,glaber,35,2.23,1.88,1.17,11,
Rodentia,Capromyidae,Capromys,pilorides,4683.33,4.25,209.5,3.3,-999,
Rodentia,Capromyidae,Geocapromys,ingrahami,660,3.85,78,-999,250,
Rodentia,Capromyidae,Geocapromys,brownii,1500,3.23,-999,-999,-999,
Rodentia,Capromyidae,Mysateles,melanurus,-999,6.63,-999,6.63,-999,
Rodentia,Capromyidae,Mysateles,prehensilis,-999,-999,-999,-999,-999,
Rodentia,Capromyidae,Plagiodontia,aedium,1267,4.5,105.85,-999,-999,
Rodentia,Castoridae,Castor,fiber,19000,3.51,537.94,2.33,4200,
Rodentia,Castoridae,Castor,canadensis,19606.67,3.76,455.43,1.85,-999,
Rodentia,Caviidae,Cavia,tschudii,637.5,2.11,-999,-999,-999,
Rodentia,Caviidae,Cavia,aperea,341,2.07,59.66,0.56,171.05,
Rodentia,Caviidae,Cavia,porcellus,728,2.24,85.14,0.6,228,
Rodentia,Caviidae,Dolichotis,salinicola,1600,2.57,196,-999,-999,
Rodentia,Caviidae,Dolichotis,patagonum,12500,2.81,561.94,2.13,-999,
Rodentia,Caviidae,Galea,spixii,326,1.78,-999,-999,-999,
Rodentia,Caviidae,Galea,musteloides,337.85,1.78,37.99,1.27,136.75,
Rodentia,Caviidae,Kerodon,rupestris,950,2.53,80.33,-999,-999,
Rodentia,Caviidae,Microcavia,australis,350,1.8,30.4,1.28,-999,
Rodentia,Chinchillidae,Chinchilla,brevicaudata,500,4.27,-999,-999,-999,
Rodentia,Chinchillidae,Chinchilla,lanigera,642.5,3.7,39.27,1.78,-999,
Rodentia,Chinchillidae,Lagidium,viscacia,600,4.39,260,-999,-999,
Rodentia,Chinchillidae,Lagidium,peruanum,1270,4.04,180,1.94,-999,
Rodentia,Chinchillidae,Lagostomus,maximus,3250,5.14,196,1.78,652.25,
Rodentia,Ctenodactylidae,Ctenodactylus,vali,174.75,2,18.3,-999,-999,
Rodentia,Ctenodactylidae,Ctenodactylus,gundi,288.8,2.44,29.9,-999,-999,
Rodentia,Ctenodactylidae,Massoutiera,mzabi,194,-999,20.5,-999,-999,
Rodentia,Ctenomyidae,Ctenomys,torquatus,275,3.53,-999,-999,-999,
Rodentia,Ctenomyidae,Ctenomys,haigi,164,-999,-999,-999,-999,
Rodentia,Ctenomyidae,Ctenomys,peruanus,490,4,34.7,-999,-999,
Rodentia,Ctenomyidae,Ctenomys,talarum,100,3.87,8,1.2,-999,
Rodentia,Ctenomyidae,Ctenomys,opimus,400,-999,-999,-999,-999,
Rodentia,Dasyproctidae,Dasyprocta,punctata,2675,2.8,22.7,-999,-999,
Rodentia,Dasyproctidae,Dasyprocta,cristata,2650,-999,-999,-999,-999,
Rodentia,Dasyproctidae,Dasyprocta,leporina,3265,3.47,-999,-999,-999,
Rodentia,Dasyproctidae,Myoprocta,acouchy,775,3.3,76.8,1.75,350,
Rodentia,Dinomyidae,Dinomys,branickii,12500,8.42,730.54,0.5,-999,
Rodentia,Dipodidae,Allactaga,tetradactyla,52,-999,-999,-999,-999,
Rodentia,Dipodidae,Allactaga,euphratica,35.9,-999,-999,-999,-999,
Rodentia,Dipodidae,Allactaga,sibirica,117.5,-999,-999,-999,-999,
Rodentia,Dipodidae,Allactaga,elater,58.67,-999,-999,1.09,-999,
Rodentia,Dipodidae,Dipus,sagitta,87,0.92,-999,-999,-999,
Rodentia,Dipodidae,Eremodipus,lichtensteini,51,-999,-999,-999,-999,
Rodentia,Dipodidae,Jaculus,orientalis,134,1.15,-999,-999,-999,
Rodentia,Dipodidae,Jaculus,jaculus,55,1.28,2,1.67,20,
Rodentia,Dipodidae,Jaculus,turcmenicus,-999,-999,-999,-999,-999,
Rodentia,Dipodidae,Napaeozapus,insignis,21.33,0.77,0.96,1.19,8.9,
Rodentia,Dipodidae,Pygeretmus,platyurus,-999,-999,-999,-999,-999,
Rodentia,Dipodidae,Pygeretmus,pumilio,52.33,0.92,-999,-999,-999,
Rodentia,Dipodidae,Salpingotus,crassicauda,-999,-999,-999,-999,-999,
Rodentia,Dipodidae,Sicista,napaea,-999,0.69,-999,-999,-999,
Rodentia,Dipodidae,Sicista,betulina,8,0.97,-999,1.25,-999,
Rodentia,Dipodidae,Stylodipus,telum,55,-999,-999,-999,-999,
Rodentia,Dipodidae,Zapus,princeps,28.75,0.6,0.8,0.98,-999,
Rodentia,Dipodidae,Zapus,trinotatus,24,0.69,0.81,1,-999,
Rodentia,Dipodidae,Zapus,hudsonius,18.25,0.63,0.82,0.92,7.8,
Rodentia,Echimyidae,Echimys,chrysurus,640,-999,-999,-999,-999,
Rodentia,Echimyidae,Hoplomys,gymnurus,504,-999,24.3,-999,-999,
Rodentia,Echimyidae,Kannabateomys,amblyonyx,460,-999,-999,-999,-999,
Rodentia,Echimyidae,Makalata,armata,276,-999,-999,-999,-999,
Rodentia,Echimyidae,Proechimys,cayennensis,356.5,2.1,24.7,0.94,-999,
Rodentia,Echimyidae,Proechimys,semispinosus,500,2.01,23,0.7,-999,
Rodentia,Echimyidae,Proechimys,guairae,350,2.09,21.63,0.73,-999,
Rodentia,Echimyidae,Thrichomys,apereoides,373.5,3.1,21.1,1.5,-999,
Rodentia,Erethizontidae,Coendou,prehensilis,3900,6.67,407.9,3.13,-999,
Rodentia,Erethizontidae,Erethizon,dorsatum,9000,6.78,678.2,1.28,936.84,
Rodentia,Erethizontidae,Sphiggurus,villosus,1750,-999,-999,-999,-999,
Rodentia,Erethizontidae,Sphiggurus,mexicanus,2000,-999,-999,-999,-999,
Rodentia,Geomyidae,Geomys,bursarius,176.67,0.88,5.51,1.11,22.5,
Rodentia,Geomyidae,Geomys,pinetis,142.5,0.93,5.8,1,45,
Rodentia,Geomyidae,Geomys,personatus,397,-999,-999,-999,-999,
Rodentia,Geomyidae,Geomys,arenarius,210,-999,-999,-999,-999,
Rodentia,Geomyidae,Orthogeomys,hispidus,650,-999,-999,-999,-999,
Rodentia,Geomyidae,Orthogeomys,cherriei,225,-999,-999,-999,-999,
Rodentia,Geomyidae,Pappogeomys,castanops,266,-999,6.07,-999,68.8,
Rodentia,Geomyidae,Thomomys,clusius,-999,-999,-999,-999,-999,
Rodentia,Geomyidae,Thomomys,monticola,80,-999,-999,-999,-999,
Rodentia,Geomyidae,Thomomys,umbrinus,100,-999,-999,-999,-999,
Rodentia,Geomyidae,Thomomys,talpoides,91.4,0.87,3.12,1.32,-999,
Rodentia,Geomyidae,Thomomys,bulbivorus,359.9,-999,6.11,1.5,86,
Rodentia,Geomyidae,Thomomys,bottae,103.5,0.87,3.3,-999,-999,
Rodentia,Geomyidae,Thomomys,townsendii,233,-999,-999,-999,-999,
Rodentia,Heteromyidae,Chaetodipus,nelsoni,14.4,1,-999,-999,-999,
Rodentia,Heteromyidae,Chaetodipus,penicillatus,15.23,0.84,-999,0.75,-999,
Rodentia,Heteromyidae,Chaetodipus,californicus,25.5,0.83,1.75,0.76,11,
Rodentia,Heteromyidae,Chaetodipus,intermedius,16.5,-999,-999,0.8,-999,
Rodentia,Heteromyidae,Chaetodipus,fallax,18.7,0.84,-999,-999,-999,
Rodentia,Heteromyidae,Chaetodipus,formosus,19.45,1,1,0.75,8,
Rodentia,Heteromyidae,Chaetodipus,hispidus,35.25,-999,-999,-999,-999,
Rodentia,Heteromyidae,Dipodomys,elephantinus,85,1,-999,-999,-999,
Rodentia,Heteromyidae,Dipodomys,nitratoides,35.5,1.13,3.18,0.89,20,
Rodentia,Heteromyidae,Dipodomys,panamintinus,72.4,0.99,4.5,0.93,-999,
Rodentia,Heteromyidae,Dipodomys,microps,55.16,1.04,4,0.75,21,
Rodentia,Heteromyidae,Dipodomys,agilis,60.57,-999,-999,-999,-999,
Rodentia,Heteromyidae,Dipodomys,stephensi,64.5,-999,4.4,0.67,27.67,
Rodentia,Heteromyidae,Dipodomys,venustus,82,-999,-999,-999,-999,
Rodentia,Heteromyidae,Dipodomys,merriami,40,0.91,2.92,0.67,17.6,
Rodentia,Heteromyidae,Dipodomys,spectabilis,119.6,0.78,7.75,0.81,30.3,
Rodentia,Heteromyidae,Dipodomys,californicus,84.96,-999,-999,-999,-999,
Rodentia,Heteromyidae,Dipodomys,ingens,132,-999,-999,1.07,-999,
Rodentia,Heteromyidae,Dipodomys,heermanni,65,1.03,3.91,1.02,28.1,
Rodentia,Heteromyidae,Dipodomys,ordii,54.5,0.99,-999,1.13,-999,
Rodentia,Heteromyidae,Dipodomys,deserti,112,1.01,3.04,0.67,38,
Rodentia,Heteromyidae,Heteromys,anomalus,70,-999,3.3,-999,-999,
Rodentia,Heteromyidae,Heteromys,oresterus,81,-999,-999,-999,-999,
Rodentia,Heteromyidae,Heteromys,goldmani,85,-999,-999,-999,-999,
Rodentia,Heteromyidae,Heteromys,desmarestianus,77,0.92,3,-999,-999,
Rodentia,Heteromyidae,Liomys,pictus,50,0.83,2.75,0.87,22.5,
Rodentia,Heteromyidae,Liomys,irroratus,42.5,-999,-999,-999,-999,
Rodentia,Heteromyidae,Liomys,adspersus,65,-999,-999,-999,-999,
Rodentia,Heteromyidae,Liomys,salvini,41,0.92,1.9,-999,-999,
Rodentia,Heteromyidae,Microdipodops,pallidus,13.55,-999,1,-999,-999,
Rodentia,Heteromyidae,Microdipodops,megacephalus,13.45,-999,-999,-999,-999,
Rodentia,Heteromyidae,Perognathus,fasciatus,11.55,1,-999,-999,-999,
Rodentia,Heteromyidae,Perognathus,longimembris,9,0.77,0.78,0.66,4.75,
Rodentia,Heteromyidae,Perognathus,flavus,7.83,0.83,-999,1,-999,
Rodentia,Heteromyidae,Perognathus,flavescens,9,0.85,-999,-999,-999,
Rodentia,Heteromyidae,Perognathus,parvus,20.1,0.8,1.5,0.75,-999,
Rodentia,Heteromyidae,Perognathus,merriami,8,-999,-999,0.75,-999,
Rodentia,Heteromyidae,Perognathus,inornatus,8.65,-999,-999,-999,-999,
Rodentia,Hydrochaeridae,Hydrochaeris,hydrochaeris,55000,8.82,1537.5,3.38,8299,
Rodentia,Hystricidae,Atherurus,macrourus,2000,-999,-999,-999,-999,
Rodentia,Hystricidae,Atherurus,africanus,3180,3.5,148.13,-999,-999,
Rodentia,Hystricidae,Hystrix,pumila,2740,-999,-999,-999,-999,
Rodentia,Hystricidae,Hystrix,brachyura,8000,4,445,-999,-999,
Rodentia,Hystricidae,Hystrix,indica,14650,3.73,-999,-999,-999,
Rodentia,Hystricidae,Hystrix,cristata,18333.33,2.5,1000,-999,-999,
Rodentia,Hystricidae,Hystrix,africaeaustralis,15680,2.42,331.15,2.53,-999,
Rodentia,Muridae,Acomys,percivali,-999,1.27,-999,-999,-999,
Rodentia,Muridae,Acomys,russatus,54.43,1.13,7,-999,-999,
Rodentia,Muridae,Acomys,wilsoni,20,1.27,-999,-999,10,
Rodentia,Muridae,Acomys,cahirinus,45.25,1.23,5.77,0.81,12.58,
Rodentia,Muridae,Aethomys,hindei,107,0.82,-999,-999,-999,
Rodentia,Muridae,Aethomys,kaiseri,198,0.9,6.1,0.87,47.57,
Rodentia,Muridae,Aethomys,chrysophilus,78.55,0.83,4.45,0.98,31,
Rodentia,Muridae,Aethomys,namaquensis,47.56,-999,2.5,0.8,12.5,
Rodentia,Muridae,Akodon,varius,37.3,-999,-999,-999,-999,
Rodentia,Muridae,Akodon,cursor,39.7,-999,-999,-999,-999,
Rodentia,Muridae,Akodon,boliviensis,25.95,-999,-999,-999,-999,
Rodentia,Muridae,Akodon,molinae,33,0.77,3,0.87,-999,
Rodentia,Muridae,Akodon,dolores,50,-999,3,-999,-999,
Rodentia,Muridae,Akodon,azarae,27.33,0.79,2.2,0.49,-999,
Rodentia,Muridae,Akodon,longipilis,37.55,-999,3.3,-999,-999,
Rodentia,Muridae,Akodon,olivaceus,28.03,-999,-999,-999,-999,
Rodentia,Muridae,Akodon,urichi,50,-999,-999,-999,-999,
Rodentia,Muridae,Allocricetulus,eversmanni,-999,-999,-999,-999,-999,
Rodentia,Muridae,Alticola,roylei,35,-999,-999,-999,-999,
Rodentia,Muridae,Alticola,strelzowi,50,0.67,3,0.57,15,
Rodentia,Muridae,Alticola,argentatus,37.7,-999,-999,-999,-999,
Rodentia,Muridae,Apodemus,argenteus,-999,-999,-999,-999,-999,
Rodentia,Muridae,Apodemus,peninsulae,32.9,-999,2,-999,-999,
Rodentia,Muridae,Apodemus,uralensis,-999,-999,-999,-999,-999,
Rodentia,Muridae,Apodemus,mystacinus,45.6,0.77,3,0.88,-999,
Rodentia,Muridae,Apodemus,flavicollis,29.35,0.85,2.4,0.73,8.7,
Rodentia,Muridae,Apodemus,agrarius,21.5,0.71,1.9,0.88,-999,
Rodentia,Muridae,Apodemus,sylvaticus,23.38,0.77,1.5,0.68,-999,
Rodentia,Muridae,Arborimus,pomo,36,-999,-999,-999,-999,
Rodentia,Muridae,Arborimus,longicaudus,23,1.15,2.57,1.01,21,
Rodentia,Muridae,Arborimus,albipes,23,-999,-999,-999,-999,
Rodentia,Muridae,Arvicanthis,niloticus,64.5,0.73,4.15,0.75,21.67,
Rodentia,Muridae,Arvicola,sapidus,187.5,0.73,6,-999,-999,
Rodentia,Muridae,Arvicola,terrestris,120,0.71,5.86,0.51,42,
Rodentia,Muridae,Auliscomys,micropus,72.6,-999,-999,-999,-999,
Rodentia,Muridae,Baiomys,taylori,7.83,0.74,1.16,0.68,3.59,
Rodentia,Muridae,Bandicota,indica,545,0.69,9.99,0.92,41,
Rodentia,Muridae,Bandicota,bengalensis,166.67,0.64,4.43,0.97,22.9,
Rodentia,Muridae,Beamys,hindei,101.67,0.83,3.2,1.38,59.2,
Rodentia,Muridae,Bolomys,lasiurus,39.93,0.74,3.45,-999,-999,
Rodentia,Muridae,Calomys,lepidus,26.6,-999,2.05,-999,-999,
Rodentia,Muridae,Calomys,laucha,34,0.83,-999,-999,-999,
Rodentia,Muridae,Calomys,hummelincki,27,0.83,-999,-999,-999,
Rodentia,Muridae,Calomys,callosus,41,0.73,2.34,0.58,14.25,
Rodentia,Muridae,Calomys,musculinus,17.6,0.74,-999,-999,-999,
Rodentia,Muridae,Calomyscus,bailwardi,20.4,-999,-999,-999,-999,
Rodentia,Muridae,Calomyscus,mystax,20.4,-999,-999,-999,-999,
Rodentia,Muridae,Cannomys,badius,650,1.38,7,2,-999,
Rodentia,Muridae,Chionomys,nivalis,54,0.69,3.7,0.75,-999,
Rodentia,Muridae,Chionomys,gud,-999,-999,-999,-999,-999,
Rodentia,Muridae,Chiropodomys,gliroides,25.5,0.67,2.8,0.79,10,
Rodentia,Muridae,Chiruromys,vates,43.4,-999,-999,-999,-999,
Rodentia,Muridae,Clethrionomys,gapperi,20.57,0.59,1.61,0.55,10.89,
Rodentia,Muridae,Clethrionomys,rufocanus,29.5,-999,-999,-999,10,
Rodentia,Muridae,Clethrionomys,glareolus,20.77,0.69,1.82,0.72,9.4,
Rodentia,Muridae,Clethrionomys,californicus,23.6,0.62,-999,-999,-999,
Rodentia,Muridae,Clethrionomys,rutilus,25,0.77,2.95,-999,-999,
Rodentia,Muridae,Colomys,goslingi,58.5,-999,-999,-999,-999,
Rodentia,Muridae,Conilurus,penicillatus,144,1.16,-999,1.02,-999,
Rodentia,Muridae,Cremnomys,blanfordi,14.1,-999,-999,-999,-999,
Rodentia,Muridae,Cremnomys,cutchicus,59.8,-999,-999,-999,-999,
Rodentia,Muridae,Cricetomys,gambianus,1092.6,1.17,23.1,1.02,-999,
Rodentia,Muridae,Cricetulus,barabensis,-999,-999,2,0.67,14,
Rodentia,Muridae,Cricetulus,migratorius,30.8,0.49,-999,-999,-999,
Rodentia,Muridae,Cricetus,cricetus,506.67,0.71,5.05,0.83,105.05,
Rodentia,Muridae,Dasymys,incomtus,106.18,-999,-999,1,30,
Rodentia,Muridae,Dendromus,messorius,-999,-999,-999,-999,-999,
Rodentia,Muridae,Dendromus,kahuziensis,-999,-999,-999,-999,-999,
Rodentia,Muridae,Dendromus,mystacalis,7.2,-999,-999,-999,-999,
Rodentia,Muridae,Dendromus,mesomelas,10.6,-999,-999,-999,-999,
Rodentia,Muridae,Dendromus,melanotis,7.36,0.83,-999,-999,-999,
Rodentia,Muridae,Dephomys,defua,45,-999,-999,-999,-999,
Rodentia,Muridae,Desmodilliscus,braueri,10,0.96,0.9,-999,-999,
Rodentia,Muridae,Desmodillus,auricularis,54.5,0.94,3.12,1.1,-999,
Rodentia,Muridae,Dicrostonyx,unalascensis,-999,0.7,5.2,-999,-999,
Rodentia,Muridae,Dicrostonyx,richardsoni,55,0.68,4,0.63,-999,
Rodentia,Muridae,Dicrostonyx,hudsonius,57,0.67,-999,-999,-999,
Rodentia,Muridae,Dicrostonyx,torquatus,85,0.6,2.97,1,25.5,
Rodentia,Muridae,Dicrostonyx,groenlandicus,55.05,0.71,4.35,0.53,23,
Rodentia,Muridae,Dinaromys,bogdanovi,56,1,-999,-999,-999,
Rodentia,Muridae,Eligmodontia,typus,21.4,-999,1.73,0.6,-999,
Rodentia,Muridae,Ellobius,fuscocapillus,80,-999,-999,-999,-999,
Rodentia,Muridae,Ellobius,talpinus,38,0.87,-999,2,-999,
Rodentia,Muridae,Eolagurus,luteus,26,-999,-999,-999,-999,
Rodentia,Muridae,Gerbillurus,setzeri,38.6,0.7,2.3,0.85,20.15,
Rodentia,Muridae,Gerbillurus,paeba,28.5,0.79,2.1,0.82,13.5,
Rodentia,Muridae,Gerbillurus,tytonis,24,-999,1.9,0.97,13,
Rodentia,Muridae,Gerbillus,gleadowi,26.1,0.67,1.9,-999,-999,
Rodentia,Muridae,Gerbillus,andersoni,22,-999,-999,-999,-999,
Rodentia,Muridae,Gerbillus,henleyi,11.7,-999,-999,-999,-999,
Rodentia,Muridae,Gerbillus,gerbillus,25,-999,-999,-999,-999,
Rodentia,Muridae,Gerbillus,dasyurus,24.4,0.84,-999,-999,-999,
Rodentia,Muridae,Gerbillus,perpallidus,-999,0.67,2.24,-999,17.23,
Rodentia,Muridae,Gerbillus,simoni,-999,-999,-999,0.88,-999,
Rodentia,Muridae,Gerbillus,cheesmani,43.35,-999,-999,-999,-999,
Rodentia,Muridae,Gerbillus,nanus,18.5,0.72,-999,-999,-999,
Rodentia,Muridae,Gerbillus,pyramidum,37,0.95,2.55,0.92,11,
Rodentia,Muridae,Golunda,ellioti,65,-999,-999,-999,-999,
Rodentia,Muridae,Grammomys,rutilans,53,0.83,-999,-999,-999,
Rodentia,Muridae,Grammomys,dolichurus,43.7,0.8,4.2,0.82,-999,
Rodentia,Muridae,Grammomys,cometes,-999,-999,-999,0.75,-999,
Rodentia,Muridae,Graomys,griseoflavus,66,-999,-999,-999,-999,
Rodentia,Muridae,Hodomys,alleni,368,-999,-999,-999,-999,
Rodentia,Muridae,Holochilus,brasiliensis,155,0.94,5,0.75,-999,
Rodentia,Muridae,Hybomys,univittatus,51.8,1,4.4,-999,-999,
Rodentia,Muridae,Hydromys,chrysogaster,606,1.17,24.39,1.05,150,
Rodentia,Muridae,Hylomyscus,alleni,20,0.97,1.5,-999,-999,
Rodentia,Muridae,Hylomyscus,stella,16.7,0.97,1.49,-999,-999,
Rodentia,Muridae,Hyomys,goliath,882,-999,-999,-999,-999,
Rodentia,Muridae,Hyperacrius,fertilis,-999,-999,-999,-999,-999,
Rodentia,Muridae,Hyperacrius,wynnei,52.6,-999,-999,-999,-999,
Rodentia,Muridae,Hypogeomys,antimena,1250,4,-999,-999,-999,
Rodentia,Muridae,Lagurus,lagurus,20.3,0.66,1.35,-999,5.75,
Rodentia,Muridae,Lasiopodomys,brandtii,-999,-999,1.9,-999,-999,
Rodentia,Muridae,Leggadina,lakedownensis,17.5,1.05,-999,1,-999,
Rodentia,Muridae,Leggadina,forresti,20,-999,-999,1,-999,
Rodentia,Muridae,Lemmiscus,curtatus,27.17,0.82,1.16,0.7,-999,
Rodentia,Muridae,Lemmus,lemmus,51.67,0.68,3.92,0.5,-999,
Rodentia,Muridae,Lemmus,sibiricus,59.2,0.7,3.78,-999,27,
Rodentia,Muridae,Lemniscomys,griselda,59,-999,-999,-999,-999,
Rodentia,Muridae,Lemniscomys,striatus,42.3,0.83,1.7,1,15,
Rodentia,Muridae,Leporillus,conditor,332.5,1.24,-999,1.17,-999,
Rodentia,Muridae,Lophiomys,imhausi,755,-999,-999,1.33,-999,
Rodentia,Muridae,Lophuromys,woosnami,-999,1.07,9.5,-999,-999,
Rodentia,Muridae,Lophuromys,luteogaster,-999,-999,-999,-999,-999,
Rodentia,Muridae,Lophuromys,flavopunctatus,55,1.01,6.5,1.67,15.33,
Rodentia,Muridae,Lophuromys,sikapusi,44.5,1,7.5,0.4,13.61,
Rodentia,Muridae,Macrotarsomys,bastardi,-999,-999,-999,-999,-999,
Rodentia,Muridae,Malacothrix,typica,12.33,0.88,1.2,1.07,-999,
Rodentia,Muridae,Mastomys,erythroleucus,37.77,0.7,-999,-999,22.5,
Rodentia,Muridae,Mastomys,natalensis,44.97,0.77,2.07,0.69,13.28,
Rodentia,Muridae,Megadontomys,thomasi,111,-999,4.5,1,-999,
Rodentia,Muridae,Melomys,levipes,81.6,-999,-999,-999,-999,
Rodentia,Muridae,Melomys,rubex,45.9,-999,-999,-999,-999,
Rodentia,Muridae,Melomys,rufescens,57.4,-999,-999,-999,-999,
Rodentia,Muridae,Melomys,moncktoni,89.8,-999,-999,-999,-999,
Rodentia,Muridae,Melomys,leucogaster,96,-999,-999,-999,-999,
Rodentia,Muridae,Melomys,capensis,65,-999,6.5,-999,-999,
Rodentia,Muridae,Melomys,burtoni,62,-999,-999,0.75,30.5,
Rodentia,Muridae,Melomys,cervinipes,94,1.3,-999,1.08,17.5,
Rodentia,Muridae,Meriones,persicus,100,0.84,5,0.64,-999,
Rodentia,Muridae,Meriones,tristrami,105,0.85,3,-999,-999,
Rodentia,Muridae,Meriones,libycus,77,0.84,5.33,1,45,
Rodentia,Muridae,Meriones,shawi,185,0.86,4.46,0.75,25,
Rodentia,Muridae,Meriones,vinogradovi,150,0.72,3,-999,-999,
Rodentia,Muridae,Meriones,crassus,48.3,0.82,3.4,0.67,-999,
Rodentia,Muridae,Meriones,tamariscinus,-999,-999,3.03,0.56,15.75,
Rodentia,Muridae,Meriones,meridianus,53,0.77,-999,0.7,-999,
Rodentia,Muridae,Meriones,hurrianae,70,0.97,3.5,0.82,20.5,
Rodentia,Muridae,Meriones,unguiculatus,53.2,0.84,2.9,0.87,14.95,
Rodentia,Muridae,Mesembriomys,macrurus,268.5,1.57,-999,1.63,-999,
Rodentia,Muridae,Mesembriomys,gouldii,900,1.46,34.9,1.56,440.5,
Rodentia,Muridae,Mesocricetus,brandti,197.5,0.5,-999,-999,-999,
Rodentia,Muridae,Mesocricetus,raddei,-999,-999,-999,-999,-999,
Rodentia,Muridae,Mesocricetus,auratus,105,0.54,2.31,0.74,22.93,
Rodentia,Muridae,Micromys,minutus,6,0.65,0.9,0.59,-999,
Rodentia,Muridae,Microtus,lusitanicus,-999,0.67,1.7,-999,-999,
Rodentia,Muridae,Microtus,transcaspicus,-999,-999,2.8,-999,-999,
Rodentia,Muridae,Microtus,duodecimcostatus,-999,-999,2.21,-999,-999,
Rodentia,Muridae,Microtus,abbreviatus,50,0.7,3.45,0.5,-999,
Rodentia,Muridae,Microtus,mexicanus,35,-999,-999,-999,-999,
Rodentia,Muridae,Microtus,juldaschi,-999,-999,-999,-999,-999,
Rodentia,Muridae,Microtus,breweri,54,0.73,3.5,0.5,-999,
Rodentia,Muridae,Microtus,montebelli,39.85,0.97,2.45,0.67,17.6,
Rodentia,Muridae,Microtus,townsendii,54.8,0.75,-999,0.53,15.1,
Rodentia,Muridae,Microtus,miurus,39.5,0.7,2.6,-999,-999,
Rodentia,Muridae,Microtus,longicaudus,36.7,-999,-999,-999,-999,
Rodentia,Muridae,Microtus,chrotorrhinus,39,0.67,-999,-999,-999,
Rodentia,Muridae,Microtus,canicaudus,35.3,0.73,2.43,0.6,13.98,
Rodentia,Muridae,Microtus,richardsoni,106.2,0.9,5.05,0.7,31.09,
Rodentia,Muridae,Microtus,xanthognathus,141.5,-999,3.5,1,-999,
Rodentia,Muridae,Microtus,pennsylvanicus,43.67,0.7,2.46,0.48,13.6,
Rodentia,Muridae,Microtus,pinetorum,25.5,0.75,2.32,0.68,9.63,
Rodentia,Muridae,Microtus,gregalis,47.5,-999,-999,-999,-999,
Rodentia,Muridae,Microtus,guentheri,51.6,0.7,3,0.59,15,
Rodentia,Muridae,Microtus,oeconomus,93.33,0.71,2.43,0.71,15.9,
Rodentia,Muridae,Microtus,agrestis,46,0.68,2.3,0.44,8.94,
Rodentia,Muridae,Microtus,subterraneus,19.5,0.71,1.6,0.79,9.44,
Rodentia,Muridae,Microtus,ochrogaster,40,0.74,3.02,0.67,16.68,
Rodentia,Muridae,Microtus,oregoni,20.5,0.78,1.63,0.46,10,
Rodentia,Muridae,Microtus,montanus,49.5,0.7,3.05,0.54,9.33,
Rodentia,Muridae,Microtus,californicus,53.5,0.71,2.83,0.6,17.67,
Rodentia,Muridae,Microtus,socialis,48,0.65,2.1,-999,-999,
Rodentia,Muridae,Microtus,arvalis,27.5,0.69,1.85,0.58,8.87,
Rodentia,Muridae,Microtus,fortis,63,-999,-999,-999,-999,
Rodentia,Muridae,Millardia,meltada,70,0.62,-999,-999,-999,
Rodentia,Muridae,Mus,caroli,11.25,0.69,1.2,-999,-999,
Rodentia,Muridae,Mus,spretus,12.8,-999,-999,-999,-999,
Rodentia,Muridae,Mus,mayori,-999,-999,-999,-999,-999,
Rodentia,Muridae,Mus,cervicolor,17.7,0.65,1.5,-999,-999,
Rodentia,Muridae,Mus,musculoides,6,-999,-999,-999,-999,
Rodentia,Muridae,Mus,platythrix,28.2,-999,-999,-999,-999,
Rodentia,Muridae,Mus,booduga,9.22,-999,-999,-999,-999,
Rodentia,Muridae,Mus,triton,12.45,0.67,1.3,0.92,4.5,
Rodentia,Muridae,Mus,minutoides,7.25,0.67,0.97,0.69,3.34,
Rodentia,Muridae,Mus,musculus,20.5,0.69,1.25,0.72,8.95,
Rodentia,Muridae,Myomys,fumatus,30,-999,-999,-999,-999,
Rodentia,Muridae,Myomys,derooi,32,-999,-999,-999,-999,
Rodentia,Muridae,Myomys,daltoni,33.5,0.97,1.5,-999,8,
Rodentia,Muridae,Myopus,schisticolor,25,0.71,3.2,0.67,15.65,
Rodentia,Muridae,Myospalax,myospalax,-999,-999,-999,-999,-999,
Rodentia,Muridae,Mystromys,albicaudatus,106,1.26,6.25,1.07,39,
Rodentia,Muridae,Nannospalax,leucodon,178,-999,5,1.5,-999,
Rodentia,Muridae,Neacomys,tenuipes,19,-999,-999,-999,-999,
Rodentia,Muridae,Nectomys,squamipes,290,-999,-999,-999,-999,
Rodentia,Muridae,Nectomys,parvipes,257.5,-999,-999,-999,-999,
Rodentia,Muridae,Neofiber,alleni,269,0.93,11.08,0.75,-999,
Rodentia,Muridae,Neotoma,devia,96.7,1.2,10,0.7,-999,
Rodentia,Muridae,Neotoma,fuscipes,233.58,1.02,12.1,0.88,-999,
Rodentia,Muridae,Neotoma,stephensi,142,1.03,10.6,1.31,35,
Rodentia,Muridae,Neotoma,cinerea,335.5,0.98,13.5,0.9,107.03,
Rodentia,Muridae,Neotoma,phenax,227.5,-999,-999,-999,-999,
Rodentia,Muridae,Neotoma,mexicana,203,1.09,10.4,-999,-999,
Rodentia,Muridae,Neotoma,albigula,198,1.19,11.35,0.96,78.15,
Rodentia,Muridae,Neotoma,lepida,125.33,1.1,8.96,0.95,34.63,
Rodentia,Muridae,Neotoma,micropus,236.33,1.14,11.7,0.87,35.6,
Rodentia,Muridae,Neotoma,floridana,370.5,1.2,13.28,0.73,50.45,
Rodentia,Muridae,Neotomodon,alstoni,50,0.91,3.4,-999,-999,
Rodentia,Muridae,Nesokia,indica,143.5,0.57,-999,-999,-999,
Rodentia,Muridae,Niviventer,niviventer,66.4,-999,3.75,-999,-999,
Rodentia,Muridae,Notomys,cervinus,35,1.4,3,1.09,-999,
Rodentia,Muridae,Notomys,fuscus,35,1.14,-999,1,-999,
Rodentia,Muridae,Notomys,aquilo,39,1.75,-999,-999,-999,
Rodentia,Muridae,Notomys,mitchellii,52,1.21,-999,1,-999,
Rodentia,Muridae,Notomys,alexis,35,1.16,2.83,0.98,12.5,
Rodentia,Muridae,Nyctomys,sumichrasti,53.33,1.09,5.2,0.7,40,
Rodentia,Muridae,Ochrotomys,nuttalli,22,0.95,2.63,0.63,10.9,
Rodentia,Muridae,Oecomys,concolor,60.67,-999,-999,-999,-999,
Rodentia,Muridae,Oenomys,hypoxanthus,85.5,-999,-999,1,30,
Rodentia,Muridae,Oligoryzomys,nigripes,22.65,0.83,3.3,0.49,-999,
Rodentia,Muridae,Oligoryzomys,flavescens,21,-999,-999,-999,-999,
Rodentia,Muridae,Oligoryzomys,longicaudatus,27.75,-999,-999,-999,-999,
Rodentia,Muridae,Ondatra,zibethicus,1135.8,0.91,21.92,0.84,152.1,
Rodentia,Muridae,Onychomys,leucogaster,40,1.08,2.65,0.91,13.2,
Rodentia,Muridae,Onychomys,torridus,19,0.97,2.32,0.69,9.35,
Rodentia,Muridae,Oryzomys,subflavus,7.5,-999,-999,1,-999,
Rodentia,Muridae,Oryzomys,palustris,47.67,0.8,3.42,0.5,22.25,
Rodentia,Muridae,Oryzomys,capito,63.15,0.88,3.85,-999,-999,
Rodentia,Muridae,Otomys,sloggetti,121,1.27,11.4,0.6,27.5,
Rodentia,Muridae,Otomys,typus,-999,-999,12.5,-999,-999,
Rodentia,Muridae,Otomys,denti,-999,-999,20,-999,-999,
Rodentia,Muridae,Otomys,angoniensis,150.95,-999,-999,-999,-999,
Rodentia,Muridae,Otomys,irroratus,146.85,1.3,14.5,0.42,30,
Rodentia,Muridae,Ototylomys,phyllotis,101,1.81,10.2,1.08,-999,
Rodentia,Muridae,Oxymycterus,rufus,85.5,-999,-999,0.47,-999,
Rodentia,Muridae,Pachyuromys,duprasi,32.5,0.71,-999,0.97,-999,
Rodentia,Muridae,Parotomys,brantsii,120,-999,-999,-999,-999,
Rodentia,Muridae,Pelomys,minor,50,-999,-999,-999,-999,
Rodentia,Muridae,Pelomys,fallax,118,-999,-999,-999,-999,
Rodentia,Muridae,Peromyscus,hooperi,36,1.12,2.62,0.76,10.07,
Rodentia,Muridae,Peromyscus,megalops,71,-999,3.9,0.74,16,
Rodentia,Muridae,Peromyscus,melanocarpus,59,1.12,4.5,0.73,-999,
Rodentia,Muridae,Peromyscus,mexicanus,60.5,1.09,4.4,-999,-999,
Rodentia,Muridae,Peromyscus,interparietalis,-999,-999,2.74,0.62,-999,
Rodentia,Muridae,Peromyscus,perfulvus,40,1.44,3,-999,-999,
Rodentia,Muridae,Peromyscus,melanophrys,40,0.82,-999,1.05,-999,
Rodentia,Muridae,Peromyscus,pectoralis,31.5,0.77,-999,-999,-999,
Rodentia,Muridae,Peromyscus,gratus,26.9,0.87,-999,-999,-999,
Rodentia,Muridae,Peromyscus,boylii,28.7,0.82,2.2,0.88,-999,
Rodentia,Muridae,Peromyscus,yucatanicus,26.3,1.03,2.5,-999,13.1,
Rodentia,Muridae,Peromyscus,gossypinus,29,0.83,2.2,0.81,13.69,
Rodentia,Muridae,Peromyscus,difficilis,28,-999,-999,0.87,-999,
Rodentia,Muridae,Peromyscus,attwateri,30,-999,-999,-999,-999,
Rodentia,Muridae,Peromyscus,nasutus,28,-999,-999,-999,-999,
Rodentia,Muridae,Peromyscus,sitkensis,28.3,-999,-999,-999,-999,
Rodentia,Muridae,Peromyscus,crinitus,16.33,0.82,2.2,0.87,13.87,
Rodentia,Muridae,Peromyscus,polionotus,14,0.79,1.63,0.76,6.77,
Rodentia,Muridae,Peromyscus,truei,27,0.99,2.32,0.85,10.5,
Rodentia,Muridae,Peromyscus,maniculatus,20.5,0.88,1.83,0.84,8.95,
Rodentia,Muridae,Peromyscus,eremicus,25,0.85,2.33,0.82,-999,
Rodentia,Muridae,Peromyscus,leucopus,23,0.83,1.89,0.77,9.58,
Rodentia,Muridae,Peromyscus,californicus,42,0.97,4.46,0.98,18.65,
Rodentia,Muridae,Peromyscus,melanotis,39.6,0.84,1.67,-999,-999,
Rodentia,Muridae,Petromyscus,collinus,21,-999,2.1,1.05,-999,
Rodentia,Muridae,Phenacomys,ungava,27,0.75,2.4,0.68,10,
Rodentia,Muridae,Phenacomys,intermedius,33,0.71,2.18,0.63,15.28,
Rodentia,Muridae,Phodopus,campbelli,23.4,-999,-999,-999,-999,
Rodentia,Muridae,Phodopus,sungorus,23.4,0.65,1.77,0.65,14.8,
Rodentia,Muridae,Phodopus,roborovskii,-999,0.7,1.45,0.63,18.1,
Rodentia,Muridae,Phyllotis,darwini,50.83,1.12,-999,-999,-999,
Rodentia,Muridae,Pithecheir,parvus,104,-999,-999,-999,-999,
Rodentia,Muridae,Podomys,floridanus,31.25,0.77,2.4,0.84,11.5,
Rodentia,Muridae,Pogonomelomys,sevia,60.9,-999,-999,-999,-999,
Rodentia,Muridae,Pogonomys,sylvestris,39.1,-999,-999,-999,-999,
Rodentia,Muridae,Pogonomys,loriae,95,-999,-999,-999,-999,
Rodentia,Muridae,Pogonomys,macrourus,45.1,-999,-999,-999,-999,
Rodentia,Muridae,Praomys,jacksoni,40,1.18,-999,1,20,
Rodentia,Muridae,Praomys,morio,21,1.04,2.7,0.94,-999,
Rodentia,Muridae,Praomys,tullbergi,36.97,0.8,2.7,0.82,10.5,
Rodentia,Muridae,Praomys,delectorum,27,-999,-999,-999,-999,
Rodentia,Muridae,Psammomys,obesus,177.33,0.88,6.25,0.89,40,
Rodentia,Muridae,Pseudomys,fuscus,148,1.28,7.25,1.29,-999,
Rodentia,Muridae,Pseudomys,oralis,95,-999,-999,-999,-999,
Rodentia,Muridae,Pseudomys,hermannsburgensis,12,1.06,-999,1,-999,
Rodentia,Muridae,Pseudomys,pilligaensis,11,0.93,-999,-999,-999,
Rodentia,Muridae,Pseudomys,delicatulus,11,0.99,1,1,-999,
Rodentia,Muridae,Pseudomys,gracilicaudatus,63,0.9,4.35,0.94,24,
Rodentia,Muridae,Pseudomys,desertor,25,0.98,-999,0.84,-999,
Rodentia,Muridae,Pseudomys,nanus,34,0.8,-999,0.77,-999,
Rodentia,Muridae,Pseudomys,australis,65,1.02,4,0.87,12.5,
Rodentia,Muridae,Pseudomys,fieldi,45,0.82,-999,1,-999,
Rodentia,Muridae,Pseudomys,praeconis,45,1,-999,1,-999,
Rodentia,Muridae,Pseudomys,shortridgei,64,-999,-999,-999,-999,
Rodentia,Muridae,Pseudomys,albocinereus,26,1.27,-999,1,-999,
Rodentia,Muridae,Pseudomys,higginsi,60.1,1.07,5,0.98,-999,
Rodentia,Muridae,Pseudomys,fumeus,70,-999,-999,-999,-999,
Rodentia,Muridae,Pseudomys,apodemoides,20,1.48,-999,1.17,11,
Rodentia,Muridae,Pseudomys,novaehollandiae,18,1.06,1.8,0.91,-999,
Rodentia,Muridae,Rattus,colletti,61,-999,-999,-999,-999,
Rodentia,Muridae,Rattus,villosissimus,200,-999,-999,-999,-999,
Rodentia,Muridae,Rattus,tiomanicus,127.5,0.77,4.1,-999,-999,
Rodentia,Muridae,Rattus,leucopus,124,0.75,-999,0.83,-999,
Rodentia,Muridae,Rattus,steini,155,-999,-999,-999,-999,
Rodentia,Muridae,Rattus,praetor,139.35,-999,-999,-999,-999,
Rodentia,Muridae,Rattus,tunneyi,113.5,0.72,-999,0.75,-999,
Rodentia,Muridae,Rattus,sordidus,125,0.72,3,-999,-999,
Rodentia,Muridae,Rattus,argentiventer,202,0.71,-999,-999,-999,
Rodentia,Muridae,Rattus,lutreolus,115,0.88,4.87,0.83,25,
Rodentia,Muridae,Rattus,fuscipes,133,0.86,4.5,0.97,21.28,
Rodentia,Muridae,Rattus,exulans,70,0.73,2.62,0.78,22.76,
Rodentia,Muridae,Rattus,norvegicus,280,0.71,5.81,0.82,63.75,
Rodentia,Muridae,Rattus,rattus,246.5,0.74,4.55,0.86,39.68,
Rodentia,Muridae,Reithrodon,auritus,72.17,-999,-999,-999,-999,
Rodentia,Muridae,Reithrodontomys,humulis,10.3,0.75,1.09,0.76,-999,
Rodentia,Muridae,Reithrodontomys,megalotis,11.03,0.76,1.33,0.7,-999,
Rodentia,Muridae,Reithrodontomys,montanus,9,0.74,1.04,0.49,5.4,
Rodentia,Muridae,Reithrodontomys,raviventris,11.05,-999,-999,-999,-999,
Rodentia,Muridae,Reithrodontomys,fulvescens,12.5,-999,1.08,0.48,3.25,
Rodentia,Muridae,Rhabdomys,pumilio,51,0.83,2.67,0.49,8.45,
Rodentia,Muridae,Rhipidomys,latimanus,57.5,-999,-999,-999,-999,
Rodentia,Muridae,Rhipidomys,mastacalis,75,-999,-999,-999,-999,
Rodentia,Muridae,Rhizomys,sumatrensis,3000,-999,-999,3,-999,
Rodentia,Muridae,Rhizomys,pruinosus,2450,-999,-999,4,-999,
Rodentia,Muridae,Rhombomys,opimus,143,0.92,4.75,0.73,-999,
Rodentia,Muridae,Saccostomus,campestris,47.38,0.69,2.6,1,-999,
Rodentia,Muridae,Scotinomys,teguina,12,1.01,1.35,0.68,-999,
Rodentia,Muridae,Scotinomys,xerampelinus,15,1.09,1.35,0.79,-999,
Rodentia,Muridae,Sekeetamys,calurus,38.5,-999,-999,-999,-999,
Rodentia,Muridae,Sigmodon,leucotis,135.5,1.17,-999,-999,-999,
Rodentia,Muridae,Sigmodon,ochrognathus,113.67,1.15,5.55,0.5,35.55,
Rodentia,Muridae,Sigmodon,fulviventer,211,1.17,-999,-999,-999,
Rodentia,Muridae,Sigmodon,hispidus,185,0.89,6.69,0.49,23.56,
Rodentia,Muridae,Sigmodon,alstoni,55.7,-999,-999,-999,-999,
Rodentia,Muridae,Spalax,microphthalmus,-999,-999,-999,-999,-999,
Rodentia,Muridae,Steatomys,krebsii,24,-999,-999,-999,-999,
Rodentia,Muridae,Steatomys,pratensis,25.53,-999,1.55,-999,-999,
Rodentia,Muridae,Stochomys,longicaudatus,74.5,-999,-999,-999,-999,
Rodentia,Muridae,Sundamys,muelleri,334,-999,-999,-999,-999,
Rodentia,Muridae,Synaptomys,cooperi,37.05,0.77,3.46,0.75,20,
Rodentia,Muridae,Synaptomys,borealis,21.3,-999,-999,-999,-999,
Rodentia,Muridae,Tachyoryctes,ruandae,-999,1.58,14,-999,-999,
Rodentia,Muridae,Tachyoryctes,splendens,207.5,1.36,20,1.3,-999,
Rodentia,Muridae,Tateomys,rhinogradoides,84,-999,-999,-999,82.8,
Rodentia,Muridae,Tatera,inclusa,131,0.77,-999,0.73,-999,
Rodentia,Muridae,Tatera,leucogaster,64.86,-999,2.8,0.93,19,
Rodentia,Muridae,Tatera,robusta,93,-999,-999,-999,-999,
Rodentia,Muridae,Tatera,valida,113,-999,-999,-999,30,
Rodentia,Muridae,Tatera,brantsii,75,0.75,5.13,0.83,45,
Rodentia,Muridae,Tatera,indica,146.67,0.87,3,0.79,-999,
Rodentia,Muridae,Tatera,nigricauda,114,-999,-999,-999,-999,
Rodentia,Muridae,Tatera,afra,74.8,0.75,4.5,-999,-999,
Rodentia,Muridae,Taterillus,emini,-999,-999,-999,-999,-999,
Rodentia,Muridae,Taterillus,pygargus,48.1,0.88,-999,0.75,-999,
Rodentia,Muridae,Taterillus,gracilis,51.85,0.87,-999,-999,-999,
Rodentia,Muridae,Thallomys,paedulcus,77.43,-999,2.65,0.98,-999,
Rodentia,Muridae,Thamnomys,venustus,65,0.8,-999,0.8,-999,
Rodentia,Muridae,Tylomys,nudicaudus,280,1.32,16.77,0.87,40,
Rodentia,Muridae,Uranomys,ruddi,47,-999,-999,-999,-999,
Rodentia,Muridae,Uromys,caudimaculatus,625,1.29,20,1.33,-999,
Rodentia,Muridae,Vandeleuria,nolthenii,56.6,-999,-999,-999,-999,
Rodentia,Muridae,Wiedomys,pyrrhorhinos,47,-999,-999,-999,-999,
Rodentia,Muridae,Zelotomys,woosnami,54.5,1.03,-999,-999,-999,
Rodentia,Muridae,Zygodontomys,brevicauda,58,0.87,3.64,0.48,22,
Rodentia,Muridae,Zyzomys,maini,94,-999,-999,-999,-999,
Rodentia,Muridae,Zyzomys,argurus,50,1,-999,1.17,14,
Rodentia,Muridae,Zyzomys,woodwardi,130,-999,-999,1.17,-999,
Rodentia,Myocastoridae,Myocastor,coypus,7150,4.43,196.36,1.9,1533.33,
Rodentia,Myoxidae,Dryomys,laniger,-999,-999,-999,-999,-999,
Rodentia,Myoxidae,Dryomys,nitedula,25,0.81,1.6,1,-999,
Rodentia,Myoxidae,Eliomys,quercinus,115,0.74,-999,1,-999,
Rodentia,Myoxidae,Glirulus,japonicus,27,1,-999,-999,-999,
Rodentia,Myoxidae,Graphiurus,crassicaudatus,-999,-999,-999,-999,-999,
Rodentia,Myoxidae,Graphiurus,murinus,24,0.8,3.5,-999,-999,
Rodentia,Myoxidae,Graphiurus,ocularis,68.8,-999,-999,-999,25.6,
Rodentia,Myoxidae,Muscardinus,avellanarius,27.33,0.79,0.8,1.27,-999,
Rodentia,Myoxidae,Myoxus,glis,125,0.94,1.5,1.07,-999,
Rodentia,Octodontidae,Octodon,degus,235,2.96,14.1,1.19,71.2,
Rodentia,Octodontidae,Octodontomys,gliroides,158,3.39,16.67,1.38,-999,
Rodentia,Octodontidae,Spalacopus,cyanus,98.05,-999,-999,-999,-999,
Rodentia,Pedetidae,Pedetes,capensis,3500,2.53,264.5,1.64,1300,
Rodentia,Petromuridae,Petromus,typicus,200,-999,-999,-999,-999,
Rodentia,Sciuridae,Ammospermophilus,harrisii,126,0.97,3.8,1.69,45,
Rodentia,Sciuridae,Ammospermophilus,nelsoni,154.5,0.87,4.88,-999,41,
Rodentia,Sciuridae,Ammospermophilus,interpres,110.2,-999,-999,-999,27.5,
Rodentia,Sciuridae,Ammospermophilus,leucurus,97.5,1.04,3.36,2.2,60,
Rodentia,Sciuridae,Callosciurus,prevostii,400,1.57,16.35,-999,-999,
Rodentia,Sciuridae,Callosciurus,caniceps,30,-999,-999,-999,-999,
Rodentia,Sciuridae,Callosciurus,nigrovittatus,202,-999,-999,-999,-999,
Rodentia,Sciuridae,Callosciurus,notatus,190,-999,-999,-999,-999,
Rodentia,Sciuridae,Cynomys,ludovicianus,863,1.11,15.38,1.89,140.57,
Rodentia,Sciuridae,Cynomys,gunnisoni,816.67,1,-999,1.5,-999,
Rodentia,Sciuridae,Cynomys,parvidens,516,-999,-999,-999,-999,
Rodentia,Sciuridae,Cynomys,leucurus,873.5,1,-999,-999,-999,
Rodentia,Sciuridae,Cynomys,mexicanus,828.1,-999,-999,1.52,-999,
Rodentia,Sciuridae,Dremomys,lokriah,172.5,-999,-999,-999,-999,
Rodentia,Sciuridae,Epixerus,ebii,388,-999,-999,-999,-999,
Rodentia,Sciuridae,Exilisciurus,exilis,14.6,-999,-999,-999,-999,
Rodentia,Sciuridae,Funambulus,sublineatus,-999,-999,-999,-999,-999,
Rodentia,Sciuridae,Funambulus,palmarum,-999,1.13,-999,-999,-999,
Rodentia,Sciuridae,Funambulus,pennantii,147.65,1.33,-999,2,-999,
Rodentia,Sciuridae,Funisciurus,anerythrus,218,-999,-999,-999,-999,
Rodentia,Sciuridae,Funisciurus,lemniscatus,141,-999,-999,-999,-999,
Rodentia,Sciuridae,Funisciurus,pyrropus,271.67,-999,-999,-999,-999,
Rodentia,Sciuridae,Funisciurus,congicus,106,1.73,9.96,1.67,-999,
Rodentia,Sciuridae,Glaucomys,sabrinus,132.17,1.32,5.62,2.12,33.87,
Rodentia,Sciuridae,Glaucomys,volans,65.38,1.32,3.49,1.75,44.6,
Rodentia,Sciuridae,Heliosciurus,rufobrachium,326.5,-999,-999,-999,-999,
Rodentia,Sciuridae,Hylopetes,alboniger,240,-999,-999,-999,-999,
Rodentia,Sciuridae,Hylopetes,fimbriatus,510,-999,-999,2.5,-999,
Rodentia,Sciuridae,Iomys,horsfieldi,120,-999,-999,-999,-999,
Rodentia,Sciuridae,Marmota,menzbieri,-999,-999,-999,-999,-999,
Rodentia,Sciuridae,Marmota,camtschatica,-999,-999,33,-999,-999,
Rodentia,Sciuridae,Marmota,vancouverensis,4750,1,-999,-999,-999,
Rodentia,Sciuridae,Marmota,olympus,6300,1,-999,-999,-999,
Rodentia,Sciuridae,Marmota,caligata,6343.33,0.94,-999,0.92,-999,
Rodentia,Sciuridae,Marmota,bobak,-999,1.35,35.5,-999,-999,
Rodentia,Sciuridae,Marmota,flaviventris,2930,1,33.8,0.89,478.83,
Rodentia,Sciuridae,Marmota,broweri,3180,-999,-999,-999,-999,
Rodentia,Sciuridae,Marmota,marmota,2010,1.17,29.67,1.77,-999,
Rodentia,Sciuridae,Marmota,sibirica,8000,1.37,-999,-999,-999,
Rodentia,Sciuridae,Marmota,monax,3413,1.09,27.43,1.57,248,
Rodentia,Sciuridae,Marmota,caudata,4100,1,-999,-999,-999,
Rodentia,Sciuridae,Marmota,baibacina,-999,1.33,-999,-999,-999,
Rodentia,Sciuridae,Myosciurus,pumilio,16.5,-999,-999,-999,-999,
Rodentia,Sciuridae,Paraxerus,flavovittis,-999,-999,-999,-999,-999,
Rodentia,Sciuridae,Paraxerus,poensis,134,-999,9.91,-999,-999,
Rodentia,Sciuridae,Paraxerus,ochraceus,-999,-999,-999,-999,-999,
Rodentia,Sciuridae,Paraxerus,palliatus,295,2.05,15.21,-999,-999,
Rodentia,Sciuridae,Paraxerus,cepapi,216,1.88,12.88,1.33,-999,
Rodentia,Sciuridae,Petaurista,leucogenys,-999,-999,5,-999,-999,
Rodentia,Sciuridae,Petaurista,elegans,1273.33,-999,-999,-999,-999,
Rodentia,Sciuridae,Petaurista,magnificus,1780,-999,-999,-999,-999,
Rodentia,Sciuridae,Petaurista,philippensis,-999,1.5,56,3,-999,
Rodentia,Sciuridae,Petaurista,petaurista,1330,-999,-999,2.25,-999,
Rodentia,Sciuridae,Petinomys,genibarbis,110,1.77,-999,-999,-999,
Rodentia,Sciuridae,Petinomys,setosus,42.25,-999,-999,-999,-999,
Rodentia,Sciuridae,Petinomys,vordermanni,37,-999,-999,-999,-999,
Rodentia,Sciuridae,Petinomys,fuscocapillus,712,-999,-999,-999,-999,
Rodentia,Sciuridae,Pteromys,volans,130,1,-999,1.5,-999,
Rodentia,Sciuridae,Ratufa,indica,1060,2.75,-999,-999,-999,
Rodentia,Sciuridae,Ratufa,macroura,1280,0.93,-999,2.25,-999,
Rodentia,Sciuridae,Ratufa,bicolor,2150,1.05,77,-999,-999,
Rodentia,Sciuridae,Rhinosciurus,laticaudatus,221,-999,-999,-999,-999,
Rodentia,Sciuridae,Sciurillus,pusillus,39,-999,-999,-999,-999,
Rodentia,Sciuridae,Sciurus,aureogaster,595,-999,-999,-999,-999,
Rodentia,Sciuridae,Sciurus,yucatanensis,225,-999,-999,-999,-999,
Rodentia,Sciuridae,Sciurus,alleni,461,-999,-999,-999,-999,
Rodentia,Sciuridae,Sciurus,arizonensis,760.5,-999,-999,-999,-999,
Rodentia,Sciuridae,Sciurus,griseus,751.67,1.44,-999,2,-999,
Rodentia,Sciuridae,Sciurus,aberti,702.5,1.43,12,2.5,355,
Rodentia,Sciuridae,Sciurus,niger,803.7,1.49,15.44,2.5,-999,
Rodentia,Sciuridae,Sciurus,carolinensis,540.33,1.43,15.15,2.14,165,
Rodentia,Sciuridae,Sciurus,granatensis,374,-999,9.5,2,-999,
Rodentia,Sciuridae,Sciurus,vulgaris,324.75,1.25,9.57,2.15,-999,
Rodentia,Sciuridae,Spermophilopsis,leptodactylus,-999,1.5,-999,-999,-999,
Rodentia,Sciuridae,Spermophilus,relictus,600,-999,-999,-999,-999,
Rodentia,Sciuridae,Spermophilus,parryii,751,0.83,-999,-999,-999,
Rodentia,Sciuridae,Spermophilus,mohavensis,190,0.92,4.5,1.2,30,
Rodentia,Sciuridae,Spermophilus,dauricus,200,-999,-999,-999,-999,
Rodentia,Sciuridae,Spermophilus,lateralis,157.6,1,6.26,1.22,74.16,
Rodentia,Sciuridae,Spermophilus,beldingi,278.5,0.87,6.94,0.86,60.5,
Rodentia,Sciuridae,Spermophilus,armatus,308,0.79,-999,0.7,102.25,
Rodentia,Sciuridae,Spermophilus,canus,-999,-999,-999,-999,-999,
Rodentia,Sciuridae,Spermophilus,erythrogenys,-999,-999,-999,-999,-999,
Rodentia,Sciuridae,Spermophilus,pygmaeus,136,0.88,-999,-999,-999,
Rodentia,Sciuridae,Spermophilus,major,-999,-999,-999,-999,200,
Rodentia,Sciuridae,Spermophilus,mollis,165.4,0.78,3.95,1.13,-999,
Rodentia,Sciuridae,Spermophilus,nayaritensis,707,-999,-999,-999,-999,
Rodentia,Sciuridae,Spermophilus,columbianus,466.33,0.84,9.37,0.96,98.62,
Rodentia,Sciuridae,Spermophilus,saturatus,275,0.93,5.97,1.43,113.47,
Rodentia,Sciuridae,Spermophilus,undulatus,840,0.92,11.08,-999,109.9,
Rodentia,Sciuridae,Spermophilus,mexicanus,130.95,0.97,4.1,3,-999,
Rodentia,Sciuridae,Spermophilus,elegans,401.05,0.8,6.02,1.25,80,
Rodentia,Sciuridae,Spermophilus,tereticaudus,163.33,0.93,3.9,1.28,75,
Rodentia,Sciuridae,Spermophilus,brunneus,205,-999,-999,-999,-999,
Rodentia,Sciuridae,Spermophilus,beecheyi,609.33,0.97,10,1.35,89,
Rodentia,Sciuridae,Spermophilus,fulvus,596,1,-999,-999,-999,
Rodentia,Sciuridae,Spermophilus,suslicus,-999,0.8,-999,1.13,-999,
Rodentia,Sciuridae,Spermophilus,richardsonii,342.5,0.78,6.35,1.17,92.75,
Rodentia,Sciuridae,Spermophilus,franklinii,459,0.92,-999,1.39,-999,
Rodentia,Sciuridae,Spermophilus,townsendii,155,0.8,3.61,0.92,42.16,
Rodentia,Sciuridae,Spermophilus,washingtoni,203,-999,-999,1,33,
Rodentia,Sciuridae,Spermophilus,tridecemlineatus,172.67,0.92,3.24,1.07,16,
Rodentia,Sciuridae,Spermophilus,citellus,217,0.89,-999,1.13,-999,
Rodentia,Sciuridae,Spermophilus,variegatus,663.03,1,7.8,1.75,100,
Rodentia,Sciuridae,Spermophilus,spilosoma,119.5,0.93,-999,-999,45,
Rodentia,Sciuridae,Sundasciurus,lowii,67,-999,-999,-999,-999,
Rodentia,Sciuridae,Sundasciurus,tenuis,75,-999,-999,-999,-999,
Rodentia,Sciuridae,Tamias,ochrogenys,94.1,-999,-999,-999,-999,
Rodentia,Sciuridae,Tamias,palmeri,59.7,1.1,-999,1.5,22.7,
Rodentia,Sciuridae,Tamias,siskiyou,75,-999,-999,-999,-999,
Rodentia,Sciuridae,Tamias,canipes,70,-999,-999,-999,-999,
Rodentia,Sciuridae,Tamias,sonomae,75,-999,-999,0.75,-999,
Rodentia,Sciuridae,Tamias,ruficaudus,57.29,1.03,-999,-999,-999,
Rodentia,Sciuridae,Tamias,panamintinus,54.15,1.2,4,1.38,19.2,
Rodentia,Sciuridae,Tamias,speciosus,60,-999,-999,-999,-999,
Rodentia,Sciuridae,Tamias,townsendii,84,0.93,3.55,1.64,34.5,
Rodentia,Sciuridae,Tamias,senex,94.81,0.93,-999,-999,-999,
Rodentia,Sciuridae,Tamias,minimus,44.15,0.97,2.3,1.46,-999,
Rodentia,Sciuridae,Tamias,cinereicollis,62.1,1,-999,1.33,-999,
Rodentia,Sciuridae,Tamias,quadrimaculatus,88.45,1.03,-999,-999,-999,
Rodentia,Sciuridae,Tamias,amoenus,48.25,0.98,2.62,1.45,19,
Rodentia,Sciuridae,Tamias,sibiricus,85,1.14,4,1.3,-999,
Rodentia,Sciuridae,Tamias,quadrivittatus,58.13,1.05,2.6,-999,-999,
Rodentia,Sciuridae,Tamias,dorsalis,62.8,0.99,-999,-999,-999,
Rodentia,Sciuridae,Tamias,striatus,95.7,1.03,3.5,1.17,39.55,
Rodentia,Sciuridae,Tamiasciurus,douglasii,229.8,1.29,5,-999,-999,
Rodentia,Sciuridae,Tamiasciurus,hudsonicus,194.5,1.22,7,2.06,83.75,
Rodentia,Sciuridae,Trogopterus,xanthipes,-999,2.71,-999,3.5,-999,
Rodentia,Sciuridae,Xerus,erythropus,502,-999,-999,1.75,-999,
Rodentia,Sciuridae,Xerus,inauris,588,1.54,20,1.73,-999,
Rodentia,Thryonomyidae,Thryonomys,gregorianus,1880,3,-999,-999,-999,
Rodentia,Thryonomyidae,Thryonomys,swinderianus,3687.5,3.56,105,1,-999,
Scandentia,Tupaiidae,Tupaia,montana,283,1.65,11,-999,-999,
Scandentia,Tupaiidae,Tupaia,minor,700,-999,-999,-999,-999,
Scandentia,Tupaiidae,Tupaia,tana,797,-999,-999,1.02,-999,
Scandentia,Tupaiidae,Tupaia,glis,159,1.52,12.94,1.17,100,
Scandentia,Tupaiidae,Tupaia,belangeri,-999,1.5,10,1.17,-999,
Scandentia,Tupaiidae,Urogale,everetti,350,1.85,19.98,1.25,104.4,
Scandentia,Tupaiidae,Ptilocercus,lowii,42.5,-999,10,-999,-999,
Sirenia,Dugongidae,Dugong,dugon,479500,12.21,27500,18,-999,
Sirenia,Dugongidae,Hydrodamalis,gigas,4000000,-999,-999,-999,-999,
Sirenia,Trichechidae,Trichechus,senegalensis,500000,-999,-999,-999,-999,
Sirenia,Trichechidae,Trichechus,manatus,387500,9.94,28633.33,18,-999,
Sirenia,Trichechidae,Trichechus,inunguis,480000,10.25,12500,24,67500,
Tubulidentata,Orycteropodidae,Orycteropus,afer,60000,7.08,1734,3.37,6250,
Xenarthra,Bradypodidae,Bradypus,torquatus,3900,-999,-999,-999,-999,
Xenarthra,Bradypodidae,Bradypus,variegatus,4860,5.37,290,1.05,-999,
Xenarthra,Bradypodidae,Bradypus,tridactylus,3770,4.63,-999,1.25,-999,
Xenarthra,Dasypodidae,Cabassous,centralis,2750,-999,-999,-999,-999,
Xenarthra,Dasypodidae,Chaetophractus,nationi,2150,-999,-999,-999,-999,
Xenarthra,Dasypodidae,Chaetophractus,villosus,2020,2.18,131.4,1.83,-999,
Xenarthra,Dasypodidae,Dasypus,kappleri,10150,-999,-999,-999,-999,
Xenarthra,Dasypodidae,Dasypus,sabanicola,1150,3,-999,-999,-999,
Xenarthra,Dasypodidae,Dasypus,hybridus,1500,4,-999,-999,-999,
Xenarthra,Dasypodidae,Dasypus,septemcinctus,1475,4.34,-999,-999,-999,
Xenarthra,Dasypodidae,Dasypus,novemcinctus,4300,4.36,66.33,4.5,-999,
Xenarthra,Dasypodidae,Euphractus,sexcinctus,4600,2.09,105,1.02,420,
Xenarthra,Dasypodidae,Priodontes,maximus,50000,4,113,1.25,-999,
Xenarthra,Dasypodidae,Tolypeutes,matacus,1225,4.75,99,1.72,-999,
Xenarthra,Dasypodidae,Zaedyus,pichiy,1500,2,105,1.5,-999,
Xenarthra,Megalonychidae,Choloepus,hoffmanni,4750,9.41,387.25,0.69,-999,
Xenarthra,Megalonychidae,Choloepus,didactylus,6070,8.67,354.77,2.5,-999,
Xenarthra,Myrmecophagidae,Cyclopes,didactylus,5070,8.92,-999,5,-999,
Xenarthra,Myrmecophagidae,Myrmecophaga,tridactyla,28500,6.19,1491.17,1.83,-999,
Xenarthra,Myrmecophagidae,Tamandua,tetradactyla,5030,5.22,-999,-999,-999,
,,,,,,,,,
,,,,,,,,,
,,,,,,,,,
,,,,,,,,,
,,,,,,,,,
,,,,,,,,,
,,,,,,,,,
